time,theta1,theta2,theta1_dot,theta2_dot,estimated_theta1,estimated_theta2,estimated_theta1_dot,estimated_theta2_dot,observed_theta1,observed_theta2,control_inputs,delayed_inputs,diff_history,com_x,com_y,cop
0.0,0.08632854964304126,0.0030858139790375105,-0.1945103781869352,0.6179276246229235,0.04521971647968828,0.0016163787509244105,-0.1956887746737337,0.6175688668187362,0.08632854964304126,0.0030858139790375105,"[0, 0]","[np.int64(0), np.int64(0)]",0.28083892782997644,0.06193661365776942,1.0024029077191392,0.3460373281413379
0.01,0.08340182308354116,0.012386577163322254,-0.39132325968319803,1.2439929258032025,-0.14922657897124206,0.5166893550618703,-0.3923110065287041,1.243693633267302,0.08340182308354116,0.012386577163322254,"[0, 0]","[np.int64(0), np.int64(0)]",0.4747250827667392,0.0626381858269115,1.0025570800792032,0.3642522467241775
0.02,0.07849321089689276,0.02800014056993838,-0.590612078146818,1.8798299912227883,-0.2995603495772031,1.0218551814326744,-0.5110190654631488,1.904804330883934,0.07849321089689276,0.02800014056993838,"[0, 0]","[np.int64(0), np.int64(0)]",0.6691052890437108,0.06381722463902334,1.0027442311817605,0.40334903144636464
0.03,0.07159446889684684,0.04997925566149641,-0.7881588669470565,2.5136461930852034,-0.338676798173126,1.4863388178064056,-0.5992352818331383,2.57312175488552,0.07159446889684684,0.04997925566149641,"[0, 0]","[np.int64(0), np.int64(0)]",0.8597533358439033,0.06547882570753608,1.0028555340083574,0.47402643571302133
0.04,0.06276952932777435,0.07816692667637293,-0.9735769115519095,3.114759783272106,-0.25925877886326243,1.8087669786147955,-0.40396169846231444,3.296255897307887,0.06276952932777435,0.07816692667637293,"[0, 0]","[np.int64(0), np.int64(0)]",1.0363464408796839,0.06761126738976607,1.002738170902863,0.5945824699116127
0.05,0.052216334344013404,0.11200682583722976,-1.1308701881283567,3.6352574552394796,-0.2861871573155991,2.640695084238649,2.5574736389032253,4.8391995411191004,0.052216334344013404,0.11200682583722976,"[0, 0]","[np.int64(0), np.int64(0)]",1.1830865224723701,0.07017104501014841,1.0022120557613734,0.7874645181311705
0.06,0.04030222428960073,0.15043395020071815,-1.2433333106352746,4.024909166361305,2.2486277716866905,4.128075584698314,-1.208403453907465,4.037161409563652,0.04030222428960073,0.15043395020071815,"[0, 0]","[np.int64(0), np.int64(0)]",1.2836355349248754,0.07307535258790723,1.0011070479604407,1.0421365456074843
0.07,0.0275315797571829,0.19197176814135286,-1.3015596815570414,4.255595012396752,-0.7543776200751449,3.0612434175413163,-1.4526623564816248,4.209537050472136,0.0275315797571829,0.19197176814135286,"[0, 0]","[np.int64(0), np.int64(0)]",1.3290912613142243,0.07621209194027065,0.9993095062711572,1.1916374388950566
0.08,0.014441833059393172,0.23504793473510466,-1.3086443712145719,4.337185015603958,-1.2270264603486818,3.59371735085616,-1.2036270284605586,4.375583200140021,0.014441833059393172,0.23504793473510466,"[0, 0]","[np.int64(0), np.int64(0)]",1.323086204273965,0.07946689337115959,0.9967901790702329,0.7742089497559461
0.09,0.001483975038401475,0.2783573303611311,-1.2778470219491325,4.310404899049635,-0.9485573417205395,3.62620626961874,-1.2370231614120684,4.324941429634521,0.001483975038401475,0.2783573303611311,"[0, 0]","[np.int64(0), np.int64(0)]",1.279330996987534,0.08275149079616885,0.9935939556811425,-3.270918457207331
0.1,-0.011044393104215011,0.32106474297070475,-1.2253436492481797,4.224721537984121,-0.9875916673430668,3.6016650334284335,-1.214534761855699,4.229199425309247,-0.011044393104215011,0.32106474297070475,"[0, 0]","[np.int64(0), np.int64(0)]",1.2363880423523947,0.08601679192423052,0.9898027005303681,3.8823567008646904
0.11,-0.022995594667424513,0.3627928381798773,-1.1642470931699822,4.1201259847540666,-0.9763184127668069,3.537081580174088,-1.1492109365170293,4.125908230086523,-0.022995594667424513,0.3627928381798773,"[0, 0]","[np.int64(0), np.int64(0)]",1.1872426878374067,0.08924837049040858,0.9854988250039738,2.350628851368726
0.12,-0.03432811961582072,0.40348758745513846,-1.102606763104478,4.02107981500541,-0.9341124579485419,3.4707207587579507,-1.0823979245231676,4.028437716652633,-0.03432811961582072,0.40348758745513846,"[0, 0]","[np.int64(0), np.int64(0)]",1.1369348827202987,0.0924536231382011,0.9807458761669172,1.9171809465096277
0.13,-0.04505835326967933,0.44327043471251804,-1.044181451279872,3.93892212112721,-0.8911783754024114,3.4091948224564526,-1.0204794956625154,3.9472460299761565,-0.04505835326967933,0.44327043471251804,"[0, 0]","[np.int64(0), np.int64(0)]",1.0892398045495513,0.09564960851599308,0.97558502081598,1.7436687603502248
0.14,-0.055225460687596595,0.482331024602106,-0.9900297790280175,3.876756042009021,-0.8497654075378085,3.3580670212509443,-0.9633717474251462,3.8858585233069505,-0.055225460687596595,0.482331024602106,"[0, 0]","[np.int64(0), np.int64(0)]",1.045255239715614,0.09885515156431461,0.9700395050996159,1.6955439069084899
0.15,-0.06487147718358433,0.5208665797401584,-0.9398562225212975,3.8335727000919815,-0.8111323110524291,3.3218326188980156,-0.9107063841028911,3.843231643766316,-0.06487147718358433,0.5208665797401584,"[0, 0]","[np.int64(0), np.int64(0)]",1.004727699704882,0.1020869388774701,0.9641208204106635,1.7242107080157139
0.16,-0.074032401562651,0.559054954571307,-0.8928577974273579,3.8068395782266267,-0.7788695653626606,3.3040275081069814,-0.8602948685679506,3.817054920380542,-0.074032401562651,0.559054954571307,"[0, 0]","[np.int64(0), np.int64(0)]",0.9668901989900089,0.10535814683888063,0.9578337266919209,1.797538282127846
0.17,-0.08273558858588803,0.5970469224337465,-0.8481604169957312,3.7938303396121342,-0.7587512319507164,3.3109937437737367,-0.8068738391095724,3.8055287452219773,-0.08273558858588803,0.5970469224337465,"[0, 0]","[np.int64(0), np.int64(0)]",0.9308960055816192,0.10867832377685295,0.9511795241334222,1.8819704510535098
0.18,-0.09100010465580954,0.6349674716468305,-0.8049992783350357,3.7921708382578956,-0.7636744003873013,3.359834082337138,-0.7405300349630952,3.8085231471407397,-0.09100010465580954,0.6349674716468305,"[0, 0]","[np.int64(0), np.int64(0)]",0.8959993829908453,0.11205373919000355,0.9441578927161056,1.9432532603419836
0.19,-0.09883813485468362,0.6729202608754861,-0.7627655922080487,3.7999766137932123,-0.8058216436104626,3.472971800517607,-0.6569965571478722,3.8261303244077602,-0.09883813485468362,0.6729202608754861,"[0, 0]","[np.int64(0), np.int64(0)]",0.8616037270627324,0.115487811374869,0.9367678120924119,1.958612604736846
0.2,-0.10625651907659428,0.7109924181298584,-0.7209954329975167,3.8158140075979285,-0.8385832385370073,3.606387045826564,-0.5865084640918914,3.850699287932585,-0.10625651907659428,0.7109924181298584,"[0, 0]","[np.int64(0), np.int64(0)]",0.827251952074111,0.11898146298934696,0.9290079816034453,1.9259195874953803
0.21,-0.11325806255392168,0.7492586051969097,-0.6793406239249958,3.838606973585585,-0.8233617487491667,3.6893513475540685,-0.542296762844048,3.875553512302954,-0.11325806255392168,0.7492586051969097,"[0, 0]","[np.int64(0), np.int64(0)]",0.7925986864789175,0.12253337112092273,0.920877009573756,1.859139641638317
0.22,-0.11984254413837414,0.7877841188473105,-0.6375394033716804,3.867543716136222,-0.7859685983890615,3.7279681401942675,-0.5094308224481547,3.902473732358791,-0.11984254413837414,0.7877841188473105,"[0, 0]","[np.int64(0), np.int64(0)]",0.7573819475100545,0.12614012455592477,0.912373518045902,1.7764111057889826
0.23,-0.12600745731491259,0.826627139947469,-0.595392869573927,3.9020013345860582,-0.7424610826819901,3.747183455806174,-0.47939926142506906,3.9335886523386066,-0.12600745731491259,0.826627139947469,"[0, 0]","[np.int64(0), np.int64(0)]",0.7214003268888396,0.12979631252252483,0.9034962309589999,1.6918488178643496
0.24,-0.13174854829106364,0.8658403298829329,-0.5527479105661884,3.941490497148383,-0.6967500907839781,3.7602755413577014,-0.44991962092183435,3.9693157287665954,-0.13174854829106364,0.8658403298829329,"[0, 0]","[np.int64(0), np.int64(0)]",0.6844964588572521,0.13349456718644054,0.8942440719709529,1.6136475136988668
0.25,-0.13706021118075196,0.9054719592527682,-0.5094854678956582,3.985616517387159,-0.6494694212410635,3.7716298737478198,-0.4206328420550687,4.009427768428729,-0.13706021118075196,0.9054719592527682,"[0, 0]","[np.int64(0), np.int64(0)]",0.6465456790764101,0.1372255767360675,0.8846162791523562,1.5454337814385344
0.26,-0.14193578634795356,0.9455667102225407,-0.46551267301096527,4.034052289906828,-0.6018463418390383,3.7836424147151098,-0.3909475806343359,4.053760731605216,-0.14193578634795356,0.9455667102225407,"[0, 0]","[np.int64(0), np.int64(0)]",0.6074484593589189,0.140978080927108,0.8746125367993971,1.4881380778305755
0.27,-0.1463677942868249,0.9861662514352822,-0.42075763592982685,4.0865193019014825,-0.5549648412377647,3.7987328854938385,-0.36009565464737925,4.102238957500056,-0.1463677942868249,0.9861662514352822,"[0, 0]","[np.int64(0), np.int64(0)]",0.5671254302166517,0.14473885744813852,0.8642331229254697,1.4413711652914867
0.28,-0.15034812690721777,1.0273096518271538,-0.3751660097878977,4.142774007098982,-0.509347945213008,3.8190016636049173,-0.3275587009069163,4.1547474564109095,-0.15034812690721777,1.0273096518271538,"[0, 0]","[np.int64(0), np.int64(0)]",0.5255141366951155,0.14849270529114722,0.8534790711524325,1.4042288026349077
0.29,-0.15386821083654567,1.0690336772365017,-0.3286987445389533,4.20259774809711,-0.46537555813634746,3.845951546609185,-0.2931106469722895,4.211109184554161,-0.15386821083654567,1.0690336772365017,"[0, 0]","[np.int64(0), np.int64(0)]",0.482566955375499,0.1522224300760524,0.8423523462476252,1.3757029171415938
0.3,-0.15691915257280442,1.1113729989482897,-0.2813306480692796,4.265789050949573,-0.423575070313182,3.8806440561118793,-0.2567158167540171,4.271108947887541,-0.15691915257280442,1.1113729989482897,"[0, 0]","[np.int64(0), np.int64(0)]",0.438249800642084,0.15590883563953556,0.8308560329331829,1.3548683207638201
0.31,-0.15949187222687922,1.1543603338070545,-0.23304950674506353,4.332157534452744,-0.38460131416386956,3.923833438293097,-0.21852188488606217,4.334491651838519,-0.15949187222687922,1.1543603338070545,"[0, 0]","[np.int64(0), np.int64(0)]",0.39254137897194274,0.15953072591682607,0.8189945377247119,1.3409541549998802
0.32,-0.16157723056799878,1.1980265293942711,-0.18385560144881213,4.4015189425605845,-0.34920621769469185,3.9759893365452035,-0.1789047513665878,4.400944464894181,-0.16157723056799878,1.1980265293942711,"[0, 0]","[np.int64(0), np.int64(0)]",0.3454328320168109,0.16306492106976045,0.806773803461001,1.33336095967285
0.33,-0.16316615272992996,1.2424006037609336,-0.13376150728487343,4.4736909767134785,-0.31824576561214013,4.037289001350095,-0.13851091539830307,4.470078738052592,-0.16316615272992996,1.2424006037609336,"[0, 0]","[np.int64(0), np.int64(0)]",0.2969276600148034,0.16648629185189,0.7942015359101324,1.33165478377245
0.34,-0.16424975099310135,1.2875097465576166,-0.08279209748762718,4.548489713076671,-0.2926520296267289,4.10758134260766,-0.09831334220129762,4.541407101907865,-0.16424975099310135,1.2875097465576166,"[0, 0]","[np.int64(0), np.int64(0)]",0.24704184848072852,0.16976781628993784,0.7812874414146816,1.3355536964140082
0.35000000000000003,-0.164819448372858,1.333379286638026,-0.03098469224738449,4.625726461168464,-0.2733775588474722,4.1863147150421725,-0.05970891732426509,4.614306997650061,-0.164819448372858,1.333379286638026,"[0, 0]","[np.int64(0), np.int64(0)]",0.19580414062024248,0.17288066285505257,0.7680434739905504,1.3449138281876103
0.36,-0.16486710421981376,1.3800326300379027,0.021610694234127245,4.705204969215355,-0.2613491699837446,4.272437200451222,-0.024684189291434677,4.687962228779142,-0.16486710421981376,1.3800326300379027,"[0, 0]","[np.int64(0), np.int64(0)]",0.18647779845394102,0.17579430435906945,0.7544840896325778,1.3597180443882946
0.37,-0.16438514261406656,1.427491171468958,0.07493104737757117,4.7867189162009725,-0.2574382691301414,4.364255207649533,0.003929523372669053,4.761276275182283,-0.16438514261406656,1.427491171468958,"[0, 0]","[np.int64(0), np.int64(0)]",0.23931618999163773,0.17847666680508278,0.7406265048142329,1.38006847970534
0.38,-0.16336668397180887,1.4757741820027288,0.12890002083892568,4.870049656010306,-0.2623878286404193,4.459179189229565,0.022167450499999575,4.83277662181635,-0.16336668397180887,1.4757741820027288,"[0, 0]","[np.int64(0), np.int64(0)]",0.2922667048107346,0.1808943173133564,0.7264909553081863,1.406183375817752
0.39,-0.16180567995506712,1.5248986753766847,0.18342761183203052,4.954964198357236,-0.27650842080649324,4.553240377506952,0.024999109366241612,4.900638863502138,-0.16180567995506712,1.5248986753766847,"[0, 0]","[np.int64(0), np.int64(0)]",0.3452332917870976,0.18301269499795633,0.7121009505132567,1.438398417566301
0.4,-0.1596970514660616,1.5748792552833226,0.23840987368697528,5.0412134261769355,-0.29882360650273965,4.640454716885121,0.008090154865399768,4.963267835396707,-0.1596970514660616,1.5748792552833226,"[0, 0]","[np.int64(0), np.int64(0)]",0.3981069251530369,0.18479638825154415,0.697483517471534,1.4771727981252114
0.41000000000000003,-0.15703682920612216,1.6257279460654468,0.29372869581237965,5.128530560983066,-0.3255882612510032,4.713212296706415,-0.026338422293701313,5.021213393347537,-0.15703682920612216,1.6257279460654468,"[0, 0]","[np.int64(0), np.int64(0)]",0.4507655250185018,0.1862094612716817,0.6826694277262361,1.5231004435074758
0.42,-0.1538222959786677,1.6774540094087946,0.34925168132846046,5.216629896974145,-0.3495271302352163,4.7672197959027685,-0.062478101314443535,5.0794384906488546,-0.1538222959786677,1.6774540094087946,"[0, 0]","[np.int64(0), np.int64(0)]",0.5030739773071282,0.18721583180088186,0.667693399144749,1.576927157058578
0.43,-0.15005212961326997,1.7300637498723628,0.40483215287599134,5.305205831740653,-0.3639929666533944,4.812261506040305,-0.08685957370853004,5.142034927673919,-0.15005212961326997,1.7300637498723628,"[0, 0]","[np.int64(0), np.int64(0)]",0.5548842824892612,0.1877797009291883,0.6525942638617733,1.6395749227826941
0.44,-0.14572654508292215,1.783560312404476,0.46030931721390467,5.393932226350201,-0.3782848561189608,4.870627920056383,-0.1412669061458658,5.194910237193739,-0.14572654508292215,1.783560312404476,"[0, 0]","[np.int64(0), np.int64(0)]",0.6060358622968268,0.18786603440569366,0.637415092645001,1.7121752964696932
0.45,-0.14084743408131484,1.8379434753355035,0.5155086189667212,5.482462130248844,-0.4260343674124871,4.929368828173871,-0.31347005714007636,5.209110303539333,-0.14084743408131484,1.8379434753355035,"[0, 0]","[np.int64(0), np.int64(0)]",0.656356053048036,0.18744109322012487,0.622203265320908,1.7961148392178365
0.46,-0.1354185000253132,1.8932094426908446,0.5702423130916944,5.570427906501863,-0.49265228065560357,4.876528896060967,-0.31718674100391553,5.278635824835021,-0.1354185000253132,1.8932094426908446,"[0, 0]","[np.int64(0), np.int64(0)]",0.7056608131170076,0.1864730092601119,0.6070104765001577,1.8930971277138517
0.47000000000000003,-0.12944538615573942,1.94935064000156,0.6243102841882787,5.657441789907507,-0.35833587838701514,4.8066916224280805,0.22990730433697593,5.527908592806696,-0.12944538615573942,1.94935064000156,"[0, 0]","[np.int64(0), np.int64(0)]",0.7537556703440181,0.18493239965762678,0.5918926657949476,2.0052283967547986
0.48,-0.12293579413396127,2.006355518071313,0.6775011386383878,5.743096903759851,-0.1019307034107938,5.226412697457301,0.049351388477578695,5.535478438688116,-0.12293579413396127,2.006355518071313,"[0, 0]","[np.int64(0), np.int64(0)]",0.8004369327723491,0.18279301106792628,0.576909862109038,2.1351380347686586
0.49,-0.11589959028001307,2.064208369347499,0.7295935928232689,5.826968749627874,0.28548623517829474,4.709818779960311,0.33372973135071293,5.699899208846308,-0.11589959028001307,2.064208369347499,"[0, 0]","[np.int64(0), np.int64(0)]",0.8454931831032819,0.1800323826630799,0.5621259324838395,2.286152280646511
0.5,-0.10834889637633349,2.1228891615934176,0.7803581775295951,5.9086171673716175,1.2509946733147799,4.077889302572723,-0.5556230650763752,5.480168243454656,-0.10834889637633349,2.1228891615934176,"[0, 0]","[np.int64(0), np.int64(0)]",0.8887070739059286,0.1766325141875762,0.5476082274657433,2.4625521275314344
0.51,-0.10029816177312112,2.1823733934074134,0.8295592755444118,5.987588738372927,1.217356098495106,3.2137374162235304,-0.6040417511328542,5.534847108357781,-0.10029816177312112,2.1823733934074134,"[0, 0]","[np.int64(0), np.int64(0)]",0.9298574373175329,0.17258052316528355,0.5334271170628679,2.6699698465059143
0.52,-0.09176421337426488,2.242631975707159,0.8769575070580613,6.063419571738115,-0.8832614709398765,4.968340316729221,-0.2699228315443557,5.6811927835829685,-0.09176421337426488,2.242631975707159,"[0, 0]","[np.int64(0), np.int64(0)]",0.9687217204323262,0.1678692734466511,0.5196554140925457,2.916023850553087
0.53,-0.08276627994400565,2.30363114248964,0.9223124770711184,6.135638368064946,-0.027037036993174057,4.921761538258195,0.7450099488018189,6.07923641359389,-0.08276627994400565,2.30363114248964,"[0, 0]","[np.int64(0), np.int64(0)]",1.005078757015124,0.16249795595446442,0.5063676850496134,3.211384056966314
0.54,-0.07332598702376547,2.365332392844188,0.9653859026534918,6.20376959309392,1.3291265451029688,4.765370941873088,-0.7322196051794272,5.654615749083728,-0.07332598702376547,2.365332392844188,"[0, 0]","[np.int64(0), np.int64(0)]",1.0387118896772574,0.15647260196751311,0.4936394524612574,3.5716606142911926
0.55,-0.06346731852689036,2.427692464118958,1.0059451492976186,6.267336504848148,1.12785782491488,2.7557351496297997,0.24499394059358792,6.034255869633398,-0.06346731852689036,2.427692464118958,"[0, 0]","[np.int64(0), np.int64(0)]",1.069412467824509,0.14980650984877347,0.4815462968842085,4.020978793405744
0.56,-0.05321654067843751,2.490663332974492,1.0437672311087136,6.325863645668012,0.2746608710367499,5.305457525216891,0.9728852683235658,6.300221047222664,-0.05321654067843751,2.490663332974492,"[0, 0]","[np.int64(0), np.int64(0)]",1.0969837717871511,0.14252056809887886,0.4701628710178897,4.599311350645884
0.5700000000000001,-0.04260208319493808,2.5541922362230327,1.0786433803751154,6.378878203567586,1.0726609232089335,5.448373801625816,0.8981824542383166,6.322146234150409,-0.04260208319493808,2.5541922362230327,"[0, 0]","[np.int64(0), np.int64(0)]",1.1212454635700535,0.1346434614000352,0.45956184253981563,5.379145041220795
0.58,-0.03165437111159175,2.6182216958403393,1.1103843883217352,6.425909307263155,1.145859099583232,5.316492133788578,0.9491637057654714,6.37733041310139,-0.03165437111159175,2.6182216958403393,"[0, 0]","[np.int64(0), np.int64(0)]",1.142038759433327,0.12621175247965996,0.44981278579623507,6.509001499262489
0.59,-0.02040559784024598,2.682689520524911,1.1388270980727515,6.466483735005929,1.3945581367173352,5.196820040544085,0.9188211299405111,6.399999897322573,-0.02040559784024598,2.682689520524911,"[0, 0]","[np.int64(0), np.int64(0)]",1.1592326959129975,0.11726984208118724,0.44098104482664907,8.352517809314222
0.6,-0.008889424731659101,2.7475287362685794,1.1638427652766625,6.500115471945613,1.897072590766891,4.732713174379503,0.8191008948607532,6.3968069456304875,-0.008889424731659101,2.7475287362685794,"[0, 0]","[np.int64(0), np.int64(0)]",1.1727321900083216,0.10786982371208999,0.433126590531348,12.10790223282351
0.61,0.0028594175661944554,2.8126673640616104,1.1853486355550569,6.526284607692119,2.7503597543034957,4.025764583881415,0.6580877673372925,6.367964739118406,0.0028594175661944554,2.8126673640616104,"[0, 0]","[np.int64(0), np.int64(0)]",1.1882080531212513,0.0980712722634728,0.42630289177456593,25.460699013733386
0.62,0.01480566960987817,2.878027901151258,1.2033253182155066,6.544397320596179,0.9670794902448483,5.545893327374814,1.0867384255211334,6.5090103938016455,0.01480566960987817,2.878027901151258,"[0, 0]","[np.int64(0), np.int64(0)]",1.2181309878253848,0.08794104229137512,0.42055581147814713,-61.46860175359843
0.63,0.026914305817260953,2.94352624677531,1.2178449967422447,6.553711214707509,1.2067784540691728,5.628251771696712,1.0864289578461808,6.514081568009942,0.026914305817260953,2.94352624677531,"[0, 0]","[np.int64(0), np.int64(0)]",1.2447593025595056,0.07755321556920397,0.41592251963263643,-10.14378654760523
0.64,0.039151672253345815,3.009069588217131,1.229120606040579,6.553194795277263,1.2642847558328922,5.603010021301975,1.1036055323761218,6.516394780859741,0.039151672253345815,3.009069588217131,"[0, 0]","[np.int64(0), np.int64(0)]",1.2682722782939249,0.0669894557277347,0.412430375730037,-3.931349447414955
0.65,0.051487301161202925,3.0745523067536986,1.2375969985321764,6.541256700353724,1.3463815537337958,5.5622680944657565,1.1005513620304157,6.50125882413181,0.051487301161202925,3.0745523067536986,"[0, 0]","[np.int64(0), np.int64(0)]",1.2890842996933793,0.05634025983466597,0.41009565119283453,-1.2892440384538817
0.66,0.06389701809917048,3.139848002200152,1.244129207588092,6.515206883623432,1.4604096158828508,5.4567699706978905,1.0868112333793363,6.469617645951644,0.06389701809917048,3.139848002200152,"[0, 0]","[np.int64(0), np.int64(0)]",1.3080262256872626,0.04570807566292339,0.4089217859667403,0.3882289765816334
0.67,0.0763686438140243,-3.0783916678246017,1.2503476305817829,6.470145038875132,1.6831240228627609,4.190065415607093,1.0506658953760848,6.41236199194941,0.0763686438140243,-3.0783916678246017,"[0, 0]","[np.int64(0), np.int64(0)]",1.3267162743958072,0.03521428323429333,0.4088964769764116,1.8984911986966055
0.68,0.08891313168458836,-3.0140281840030307,1.2594357518168868,6.3965876385454274,2.1440808405581073,3.8417852239814803,0.7080043116011723,6.225910434186119,0.08891313168458836,-3.0140281840030307,"[0, 0]","[np.int64(0), np.int64(0)]",1.3483488835014752,0.025014319635714828,0.4099859703459298,4.312276429406139
0.6900000000000001,0.10158746330040236,-2.950616324743387,1.2778282807414945,6.275283394610131,1.0498985831459962,4.446050626982464,1.061385349124805,6.208082806789378,0.10158746330040236,-2.950616324743387,"[0, 0]","[np.int64(0), np.int64(0)]",1.3794157440418968,0.01533031796686748,0.4121227192076357,24.23954293794541
0.7000000000000001,0.11454323064876215,-2.8888096806792882,1.3188940402585796,6.065968755981494,3.0093591782748703,2.8965602840250373,0.22357702090171472,5.72371053996693,0.11454323064876215,-2.8888096806792882,"[0, 0]","[np.int64(0), np.int64(0)]",1.4334372709073417,0.006521556153524402,0.4151773755421014,-7.020880993259783
0.71,0.12812887002156614,-2.8298564929188834,1.4102386469036574,5.6850780602257895,0.26490387195590204,4.339966884100777,1.3489035005991994,5.6656273437827736,0.12812887002156614,-2.8298564929188834,"[0, 0]","[np.int64(0), np.int64(0)]",1.5383675169252236,-0.0007674986822755725,0.4188952243480148,-4.83893789903815
0.72,0.143083089761892,-2.776188386807273,1.603619586579419,4.9755237846429035,-0.09453574866540881,5.321857605008007,-1.91593117490374,3.8137041767470663,0.143083089761892,-2.776188386807273,"[0, 0]","[np.int64(0), np.int64(0)]",1.746702676341311,-0.005331426426518744,0.4227639706602992,1.2460723415537998
0.73,0.16077380866100688,-2.7321466880603875,1.9673052789913288,3.7302932112477327,-1.4037036036196322,2.553346056171168,1.6962826452473494,3.643455632838794,0.16077380866100688,-2.7321466880603875,"[0, 0]","[np.int64(0), np.int64(0)]",2.1280790876523357,-0.005079731312745834,0.4258162477812005,0.1290445846892591
0.74,0.18303788206095417,-2.703484802785136,2.505577047649039,1.938977522063121,2.309398193211626,2.122645931866554,3.5793649780071823,2.2711244291944155,0.18303788206095417,-2.703484802785136,"[0, 0]","[np.int64(0), np.int64(0)]",2.6886149297099933,0.002675933350834151,0.4266252955971515,0.03312405231593362
0.75,0.21093727127822204,-2.693554781656338,3.0570371476169544,0.0986730910185818,1.794735752001594,0.8078084720541758,-0.01422009240624078,-0.8796635470844842,0.21093727127822204,-2.693554781656338,"[0, 0]","[np.int64(0), np.int64(0)]",3.2679744188951765,0.01937048270552997,0.42402692158068356,0.03189843495298185
0.76,0.2435745045244544,-2.6996820433493873,3.433501277844843,-1.2120031268631457,0.45017236932919324,-1.94452483657465,1.105794733946567,-1.9253507024117766,0.2435745045244544,-2.6996820433493873,"[0, 0]","[np.int64(0), np.int64(0)]",3.677075782369297,0.043517517102598845,0.41803899264786004,0.08647735058129792
0.77,0.27896352508306244,-2.7158385633398003,3.615607689603441,-1.9321108501136535,0.6198747299698981,-1.5483653744603971,-0.5593030766068736,-3.2880656085242776,0.27896352508306244,-2.7158385633398003,"[0, 0]","[np.int64(0), np.int64(0)]",3.8945712146865032,0.07207006591828309,0.4095507461857567,0.2766123035906295
0.78,0.3155046548926972,-2.737166204241701,3.677291112641498,-2.287027698650987,-0.821081836789707,-2.599260767447616,2.985877770685292,-2.504579196449429,0.3155046548926972,-2.737166204241701,"[0, 0]","[np.int64(0), np.int64(0)]",3.9927957675341954,0.10259784798647494,0.39941999704794723,0.8974669517661166
0.79,0.3523263608227545,-2.7610285791220384,3.6800220781959396,-2.4643902568028855,2.464728455601258,-2.353300451794329,3.6328070455487165,-2.4768801755471372,0.3523263608227545,-2.7610285791220384,"[0, 0]","[np.int64(0), np.int64(0)]",4.032348439018694,0.1337714321865311,0.3881660340505622,3.969829538321671
0.8,0.38902353511001575,-2.7862128705696536,3.6563812259952226,-2.5635956850311805,2.8151498473759924,-2.202532450953411,3.5003773114800367,-2.6109572958679337,0.38902353511001575,-2.7862128705696536,"[0, 0]","[np.int64(0), np.int64(0)]",4.045404761105239,0.16496368235362416,0.37606519767784474,-13.08566852783774
0.81,0.4254189966357096,-2.812201107567213,3.621478751619599,-2.6306483907215874,2.8570066319150964,-2.4001646058326247,3.551893733811454,-2.651174134196708,0.4254189966357096,-2.812201107567213,"[0, 0]","[np.int64(0), np.int64(0)]",4.046897748255309,0.19589179251524802,0.36327015118603073,-4.801242164319223
0.8200000000000001,0.4614394909948847,-2.8387911672825834,3.5822158987705857,-2.6864608074560286,2.961880229037074,-2.534655943002267,3.522908404195192,-2.7042756151529375,0.4614394909948847,-2.8387911672825834,"[0, 0]","[np.int64(0), np.int64(0)]",4.043655389765471,0.22643121223591328,0.34987610787198253,-3.849752427811564
0.8300000000000001,0.4970601839545612,-2.8659271001681863,3.5419392519226367,-2.7410781862426044,2.972534687652066,-2.639048946613208,3.496584527236905,-2.7547512924140847,0.4970601839545612,-2.8659271001681863,"[0, 0]","[np.int64(0), np.int64(0)]",4.038999435877198,0.2565320256922524,0.33595135896542144,-3.647430247300052
0.84,0.5322811275126282,-2.893627168826633,3.5025259125235206,-2.800050657917156,2.970495293241365,-2.712138973835422,3.460109764316968,-2.812949416887534,0.5322811275126282,-2.893627168826633,"[0, 0]","[np.int64(0), np.int64(0)]",4.034807040036149,0.2861831509580678,0.3215504753797589,-3.730290330500662
0.85,0.5671179007820908,-2.9219551966819024,3.4653163974046737,-2.867282818742992,2.9535901184385436,-2.780301697511346,3.4242809073904255,-2.879838404331281,0.5671179007820908,-2.9219551966819024,"[0, 0]","[np.int64(0), np.int64(0)]",4.0324342981867645,0.3153976991802738,0.30671972517317636,-4.044882617054919
0.86,0.6015987997209695,-2.9510119126150043,3.431573536453912,-2.9464340417371457,2.935155188023781,-2.8521516719245983,3.390558170848635,-2.959060571732948,0.6015987997209695,-2.9510119126150043,"[0, 0]","[np.int64(0), np.int64(0)]",4.033172336174882,0.3442080077907957,0.2914989474831226,-4.709009809489336
0.87,0.6357655890474971,-2.980937157394348,3.4027735945318227,-3.041805353710436,2.9179489376974255,-2.93347485877338,3.3616177412996677,-3.0545518130041955,0.6357655890474971,-2.980937157394348,"[0, 0]","[np.int64(0), np.int64(0)]",4.03853918357932,0.372665768310867,0.2759216349356193,-6.200216590510695
0.88,0.6696770007834036,-3.011920451489655,3.3808866039321277,-3.1591924042044974,2.9046407367956895,-3.028298219457447,3.3395778636627043,-3.172067766330997,0.6696770007834036,-3.011920451489655,"[0, 0]","[np.int64(0), np.int64(0)]",4.050563604715531,0.4008458559902077,0.2600138336364104,-11.193253138578072
0.89,0.7034154847199408,-3.044221457204799,3.368769245069484,-3.307081036043696,2.8969801809644675,-3.1413882716927017,3.3273047561746445,-3.320095561581354,0.7034154847199408,-3.044221457204799,"[0, 0]","[np.int64(0), np.int64(0)]",4.072184729789425,0.4288543145519247,0.24379185416368893,90.95532835490776
0.9,0.7370991327747696,-3.0782061923464648,3.370846952623058,-3.4987247728358297,2.897032004796186,-3.279311543339568,3.328964739493971,-3.511975972343828,0.7370991327747696,-3.0782061923464648,"[0, 0]","[np.int64(0), np.int64(0)]",4.107946085397828,0.4568427870065966,0.2272582609444613,6.626804837852647
0.91,0.7709032613171276,-3.1144126753614283,3.394456587224658,-3.7562382427732235,2.907515832362793,-3.452081151232865,3.3512555056170896,-3.7700355240675947,0.7709032613171276,-3.1144126753614283,"[0, 0]","[np.int64(0), np.int64(0)]",4.165359848541786,0.48503486949498364,0.21039479844377276,2.895920894318769
0.92,0.8051021953135358,3.1295071142334008,3.452798855585573,-4.119606661107463,2.932315877402885,-2.631836363643515,3.4026230191590656,-4.135767107399431,0.8051021953135358,3.1295071142334008,"[0, 0]","[np.int64(0), np.int64(0)]",4.257901050899109,0.5137772962980689,0.19314913325385522,1.6516595965479943
0.93,0.840158791981513,3.0857729889018692,3.5723614144355684,-4.6693566888814875,2.9490362663483745,-2.8801337088828287,3.53876068460778,-4.679726010377635,0.840158791981513,3.0857729889018692,"[0, 0]","[np.int64(0), np.int64(0)]",4.412520206417081,0.5436495742369147,0.17540752620111846,1.1375507350337604
0.9400000000000001,0.8769467454253084,3.034909677252392,3.8154623627459534,-5.595456067937667,3.08353575762816,-3.3764551809068895,3.784262351382395,-5.605282179111441,0.8769467454253084,3.034909677252392,"[0, 0]","[np.int64(0), np.int64(0)]",4.692409108171262,0.5757353496816943,0.15693018495386096,1.8511371576089901
0.9500000000000001,0.9174461520206911,2.9708799062019935,4.372867554850047,-7.480552381330339,3.3081859741955952,-4.179689659939946,4.346874657116729,-7.488971374814412,0.9174461520206911,2.9708799062019935,"[0, 0]","[np.int64(0), np.int64(0)]",5.290313706870738,0.6124656778191773,0.13716208004221658,-0.08467703081355632
0.96,0.9680821717242667,2.8740584321459064,6.260157420656931,-13.430627440159618,3.692164910243868,-5.631943362125934,6.229131693531485,-13.441326158412494,0.9680821717242667,2.8740584321459064,"[0, 0]","[np.int64(0), np.int64(0)]",7.228239592381198,0.6616078159451444,0.11442328091268647,0.07675983238908314
0.97,1.0959134300810058,2.5392784083863633,72.49437228025798,-216.31640308618307,5.385930827189727,-10.895679537255212,71.9611391235087,-216.49024510241497,1.0959134300810058,2.5392784083863633,"[0, 0]","[np.int64(0), np.int64(0)]",73.59028571033899,0.7978493820806216,0.07857221854101964,-0.47054708016467284
0.98,1.1723093959214559,-2.1112016611522755,4.181058876659323e+20,-1.2796966512315387e+21,-1090506956100536.0,-1450321606175960.5,4.181047272196516e+20,-1.2796970250420463e+21,1.1723093959214559,-2.1112016611522755,"[0, 0]","[np.int64(0), np.int64(0)]",4.181058876659323e+20,0.39728693094987466,0.12163073818852277,0.09419129859858659
0.99,-1.537971855906303,0.565391903837476,inf,-inf,,,,,-1.537971855906303,0.565391903837476,"[0, 0]","[np.int64(0), np.int64(0)]",inf,-0.5480240546534886,0.2742909304365629,
1.0,,,,,,,,,,,"[0, 0]","[np.int64(0), np.int64(0)]",,,,
1.01,,,,,,,,,,,"[0, 0]","[np.int64(0), np.int64(0)]",,,,
1.02,,,,,,,,,,,"[0, 0]","[np.int64(0), np.int64(0)]",,,,
1.03,,,,,,,,,,,"[0, 0]","[np.int64(0), np.int64(0)]",,,,
1.04,,,,,,,,,,,"[0, 0]","[np.int64(0), np.int64(0)]",,,,
1.05,,,,,,,,,,,"[0, 0]","[np.int64(0), np.int64(0)]",,,,
1.06,,,,,,,,,,,"[0, 0]","[np.int64(0), np.int64(0)]",,,,
1.07,,,,,,,,,,,"[0, 0]","[np.int64(0), np.int64(0)]",,,,
1.08,,,,,,,,,,,"[0, 0]","[np.int64(0), np.int64(0)]",,,,
1.09,,,,,,,,,,,"[0, 0]","[np.int64(0), np.int64(0)]",,,,
1.1,,,,,,,,,,,"[0, 0]","[np.int64(0), np.int64(0)]",,,,
1.11,,,,,,,,,,,"[0, 0]","[np.int64(0), np.int64(0)]",,,,
1.12,,,,,,,,,,,"[0, 0]","[np.int64(0), np.int64(0)]",,,,
1.1300000000000001,,,,,,,,,,,"[0, 0]","[np.int64(0), np.int64(0)]",,,,
1.1400000000000001,,,,,,,,,,,"[0, 0]","[np.int64(0), np.int64(0)]",,,,
1.1500000000000001,,,,,,,,,,,"[0, 0]","[np.int64(0), np.int64(0)]",,,,
1.16,,,,,,,,,,,"[0, 0]","[np.int64(0), np.int64(0)]",,,,
1.17,,,,,,,,,,,"[0, 0]","[np.int64(0), np.int64(0)]",,,,
1.18,,,,,,,,,,,"[0, 0]","[np.int64(0), np.int64(0)]",,,,
1.19,,,,,,,,,,,"[0, 0]","[np.int64(0), np.int64(0)]",,,,
1.2,,,,,,,,,,,"[0, 0]","[np.int64(0), np.int64(0)]",,,,
1.21,,,,,,,,,,,"[0, 0]","[np.int64(0), np.int64(0)]",,,,
1.22,,,,,,,,,,,"[0, 0]","[np.int64(0), np.int64(0)]",,,,
1.23,,,,,,,,,,,"[0, 0]","[np.int64(0), np.int64(0)]",,,,
1.24,,,,,,,,,,,"[0, 0]","[np.int64(0), np.int64(0)]",,,,
1.25,,,,,,,,,,,"[0, 0]","[np.int64(0), np.int64(0)]",,,,
1.26,,,,,,,,,,,"[0, 0]","[np.int64(0), np.int64(0)]",,,,
1.27,,,,,,,,,,,"[0, 0]","[np.int64(0), np.int64(0)]",,,,
1.28,,,,,,,,,,,"[0, 0]","[np.int64(0), np.int64(0)]",,,,
1.29,,,,,,,,,,,"[0, 0]","[np.int64(0), np.int64(0)]",,,,
1.3,,,,,,,,,,,"[0, 0]","[np.int64(0), np.int64(0)]",,,,
1.31,,,,,,,,,,,"[0, 0]","[np.int64(0), np.int64(0)]",,,,
1.32,,,,,,,,,,,"[0, 0]","[np.int64(0), np.int64(0)]",,,,
1.33,,,,,,,,,,,"[0, 0]","[np.int64(0), np.int64(0)]",,,,
1.34,,,,,,,,,,,"[0, 0]","[np.int64(0), np.int64(0)]",,,,
1.35,,,,,,,,,,,"[0, 0]","[np.int64(0), np.int64(0)]",,,,
1.36,,,,,,,,,,,"[0, 0]","[np.int64(0), np.int64(0)]",,,,
1.37,,,,,,,,,,,"[0, 0]","[np.int64(0), np.int64(0)]",,,,
1.3800000000000001,,,,,,,,,,,"[0, 0]","[np.int64(0), np.int64(0)]",,,,
1.3900000000000001,,,,,,,,,,,"[0, 0]","[np.int64(0), np.int64(0)]",,,,
1.4000000000000001,,,,,,,,,,,"[0, 0]","[np.int64(0), np.int64(0)]",,,,
1.41,,,,,,,,,,,"[0, 0]","[np.int64(0), np.int64(0)]",,,,
1.42,,,,,,,,,,,"[0, 0]","[np.int64(0), np.int64(0)]",,,,
1.43,,,,,,,,,,,"[0, 0]","[np.int64(0), np.int64(0)]",,,,
1.44,,,,,,,,,,,"[0, 0]","[np.int64(0), np.int64(0)]",,,,
1.45,,,,,,,,,,,"[0, 0]","[np.int64(0), np.int64(0)]",,,,
1.46,,,,,,,,,,,"[0, 0]","[np.int64(0), np.int64(0)]",,,,
1.47,,,,,,,,,,,"[0, 0]","[np.int64(0), np.int64(0)]",,,,
1.48,,,,,,,,,,,"[0, 0]","[np.int64(0), np.int64(0)]",,,,
1.49,,,,,,,,,,,"[0, 0]","[np.int64(0), np.int64(0)]",,,,
1.5,,,,,,,,,,,"[0, 0]","[np.int64(0), np.int64(0)]",,,,
1.51,,,,,,,,,,,"[0, 0]","[np.int64(0), np.int64(0)]",,,,
1.52,,,,,,,,,,,"[0, 0]","[np.int64(0), np.int64(0)]",,,,
1.53,,,,,,,,,,,"[0, 0]","[np.int64(0), np.int64(0)]",,,,
1.54,,,,,,,,,,,"[0, 0]","[np.int64(0), np.int64(0)]",,,,
1.55,,,,,,,,,,,"[0, 0]","[np.int64(0), np.int64(0)]",,,,
1.56,,,,,,,,,,,"[0, 0]","[np.int64(0), np.int64(0)]",,,,
1.57,,,,,,,,,,,"[0, 0]","[np.int64(0), np.int64(0)]",,,,
1.58,,,,,,,,,,,"[0, 0]","[np.int64(0), np.int64(0)]",,,,
1.59,,,,,,,,,,,"[0, 0]","[np.int64(0), np.int64(0)]",,,,
1.6,,,,,,,,,,,"[0, 0]","[np.int64(0), np.int64(0)]",,,,
1.61,,,,,,,,,,,"[0, 0]","[np.int64(0), np.int64(0)]",,,,
1.62,,,,,,,,,,,"[0, 0]","[np.int64(0), np.int64(0)]",,,,
1.6300000000000001,,,,,,,,,,,"[0, 0]","[np.int64(0), np.int64(0)]",,,,
1.6400000000000001,,,,,,,,,,,"[0, 0]","[np.int64(0), np.int64(0)]",,,,
1.6500000000000001,,,,,,,,,,,"[0, 0]","[np.int64(0), np.int64(0)]",,,,
1.6600000000000001,,,,,,,,,,,"[0, 0]","[np.int64(0), np.int64(0)]",,,,
1.67,,,,,,,,,,,"[0, 0]","[np.int64(0), np.int64(0)]",,,,
1.68,,,,,,,,,,,"[0, 0]","[np.int64(0), np.int64(0)]",,,,
1.69,,,,,,,,,,,"[0, 0]","[np.int64(0), np.int64(0)]",,,,
1.7,,,,,,,,,,,"[0, 0]","[np.int64(0), np.int64(0)]",,,,
1.71,,,,,,,,,,,"[0, 0]","[np.int64(0), np.int64(0)]",,,,
1.72,,,,,,,,,,,"[0, 0]","[np.int64(0), np.int64(0)]",,,,
1.73,,,,,,,,,,,"[0, 0]","[np.int64(0), np.int64(0)]",,,,
1.74,,,,,,,,,,,"[0, 0]","[np.int64(0), np.int64(0)]",,,,
1.75,,,,,,,,,,,"[0, 0]","[np.int64(0), np.int64(0)]",,,,
1.76,,,,,,,,,,,"[0, 0]","[np.int64(0), np.int64(0)]",,,,
1.77,,,,,,,,,,,"[0, 0]","[np.int64(0), np.int64(0)]",,,,
1.78,,,,,,,,,,,"[0, 0]","[np.int64(0), np.int64(0)]",,,,
1.79,,,,,,,,,,,"[0, 0]","[np.int64(0), np.int64(0)]",,,,
1.8,,,,,,,,,,,"[0, 0]","[np.int64(0), np.int64(0)]",,,,
1.81,,,,,,,,,,,"[0, 0]","[np.int64(0), np.int64(0)]",,,,
1.82,,,,,,,,,,,"[0, 0]","[np.int64(0), np.int64(0)]",,,,
1.83,,,,,,,,,,,"[0, 0]","[np.int64(0), np.int64(0)]",,,,
1.84,,,,,,,,,,,"[0, 0]","[np.int64(0), np.int64(0)]",,,,
1.85,,,,,,,,,,,"[0, 0]","[np.int64(0), np.int64(0)]",,,,
1.86,,,,,,,,,,,"[0, 0]","[np.int64(0), np.int64(0)]",,,,
1.87,,,,,,,,,,,"[0, 0]","[np.int64(0), np.int64(0)]",,,,
1.8800000000000001,,,,,,,,,,,"[0, 0]","[np.int64(0), np.int64(0)]",,,,
1.8900000000000001,,,,,,,,,,,"[0, 0]","[np.int64(0), np.int64(0)]",,,,
1.9000000000000001,,,,,,,,,,,"[0, 0]","[np.int64(0), np.int64(0)]",,,,
1.9100000000000001,,,,,,,,,,,"[0, 0]","[np.int64(0), np.int64(0)]",,,,
1.92,,,,,,,,,,,"[0, 0]","[np.int64(0), np.int64(0)]",,,,
1.93,,,,,,,,,,,"[0, 0]","[np.int64(0), np.int64(0)]",,,,
1.94,,,,,,,,,,,"[0, 0]","[np.int64(0), np.int64(0)]",,,,
1.95,,,,,,,,,,,"[0, 0]","[np.int64(0), np.int64(0)]",,,,
1.96,,,,,,,,,,,"[0, 0]","[np.int64(0), np.int64(0)]",,,,
1.97,,,,,,,,,,,"[0, 0]","[np.int64(0), np.int64(0)]",,,,
1.98,,,,,,,,,,,"[0, 0]","[np.int64(0), np.int64(0)]",,,,
1.99,,,,,,,,,,,"[0, 0]","[np.int64(0), np.int64(0)]",,,,
2.0,,,,,,,,,,,"[0, 0]","[np.int64(0), np.int64(0)]",,,,
2.0100000000000002,,,,,,,,,,,"[0, 0]","[np.int64(0), np.int64(0)]",,,,
2.02,,,,,,,,,,,"[0, 0]","[np.int64(0), np.int64(0)]",,,,
2.0300000000000002,,,,,,,,,,,"[0, 0]","[np.int64(0), np.int64(0)]",,,,
2.04,,,,,,,,,,,"[0, 0]","[np.int64(0), np.int64(0)]",,,,
2.05,,,,,,,,,,,"[0, 0]","[np.int64(0), np.int64(0)]",,,,
2.06,,,,,,,,,,,"[0, 0]","[np.int64(0), np.int64(0)]",,,,
2.07,,,,,,,,,,,"[0, 0]","[np.int64(0), np.int64(0)]",,,,
2.08,,,,,,,,,,,"[0, 0]","[np.int64(0), np.int64(0)]",,,,
2.09,,,,,,,,,,,"[0, 0]","[np.int64(0), np.int64(0)]",,,,
2.1,,,,,,,,,,,"[0, 0]","[np.int64(0), np.int64(0)]",,,,
2.11,,,,,,,,,,,"[0, 0]","[np.int64(0), np.int64(0)]",,,,
2.12,,,,,,,,,,,"[0, 0]","[np.int64(0), np.int64(0)]",,,,
2.13,,,,,,,,,,,"[0, 0]","[np.int64(0), np.int64(0)]",,,,
2.14,,,,,,,,,,,"[0, 0]","[np.int64(0), np.int64(0)]",,,,
2.15,,,,,,,,,,,"[0, 0]","[np.int64(0), np.int64(0)]",,,,
2.16,,,,,,,,,,,"[0, 0]","[np.int64(0), np.int64(0)]",,,,
2.17,,,,,,,,,,,"[0, 0]","[np.int64(0), np.int64(0)]",,,,
2.18,,,,,,,,,,,"[0, 0]","[np.int64(0), np.int64(0)]",,,,
2.19,,,,,,,,,,,"[0, 0]","[np.int64(0), np.int64(0)]",,,,
2.2,,,,,,,,,,,"[0, 0]","[np.int64(0), np.int64(0)]",,,,
2.21,,,,,,,,,,,"[0, 0]","[np.int64(0), np.int64(0)]",,,,
2.22,,,,,,,,,,,"[0, 0]","[np.int64(0), np.int64(0)]",,,,
2.23,,,,,,,,,,,"[0, 0]","[np.int64(0), np.int64(0)]",,,,
2.24,,,,,,,,,,,"[0, 0]","[np.int64(0), np.int64(0)]",,,,
2.25,,,,,,,,,,,"[0, 0]","[np.int64(0), np.int64(0)]",,,,
2.2600000000000002,,,,,,,,,,,"[0, 0]","[np.int64(0), np.int64(0)]",,,,
2.27,,,,,,,,,,,"[0, 0]","[np.int64(0), np.int64(0)]",,,,
2.2800000000000002,,,,,,,,,,,"[0, 0]","[np.int64(0), np.int64(0)]",,,,
2.29,,,,,,,,,,,"[0, 0]","[np.int64(0), np.int64(0)]",,,,
2.3000000000000003,,,,,,,,,,,"[0, 0]","[np.int64(0), np.int64(0)]",,,,
2.31,,,,,,,,,,,"[0, 0]","[np.int64(0), np.int64(0)]",,,,
2.32,,,,,,,,,,,"[0, 0]","[np.int64(0), np.int64(0)]",,,,
2.33,,,,,,,,,,,"[0, 0]","[np.int64(0), np.int64(0)]",,,,
2.34,,,,,,,,,,,"[0, 0]","[np.int64(0), np.int64(0)]",,,,
2.35,,,,,,,,,,,"[0, 0]","[np.int64(0), np.int64(0)]",,,,
2.36,,,,,,,,,,,"[0, 0]","[np.int64(0), np.int64(0)]",,,,
2.37,,,,,,,,,,,"[0, 0]","[np.int64(0), np.int64(0)]",,,,
2.38,,,,,,,,,,,"[0, 0]","[np.int64(0), np.int64(0)]",,,,
2.39,,,,,,,,,,,"[0, 0]","[np.int64(0), np.int64(0)]",,,,
2.4,,,,,,,,,,,"[0, 0]","[np.int64(0), np.int64(0)]",,,,
2.41,,,,,,,,,,,"[0, 0]","[np.int64(0), np.int64(0)]",,,,
2.42,,,,,,,,,,,"[0, 0]","[np.int64(0), np.int64(0)]",,,,
2.43,,,,,,,,,,,"[0, 0]","[np.int64(0), np.int64(0)]",,,,
2.44,,,,,,,,,,,"[0, 0]","[np.int64(0), np.int64(0)]",,,,
2.45,,,,,,,,,,,"[0, 0]","[np.int64(0), np.int64(0)]",,,,
2.46,,,,,,,,,,,"[0, 0]","[np.int64(0), np.int64(0)]",,,,
2.47,,,,,,,,,,,"[0, 0]","[np.int64(0), np.int64(0)]",,,,
2.48,,,,,,,,,,,"[0, 0]","[np.int64(0), np.int64(0)]",,,,
2.49,,,,,,,,,,,"[0, 0]","[np.int64(0), np.int64(0)]",,,,
2.5,,,,,,,,,,,"[0, 0]","[np.int64(0), np.int64(0)]",,,,
2.5100000000000002,,,,,,,,,,,"[0, 0]","[np.int64(0), np.int64(0)]",,,,
2.52,,,,,,,,,,,"[0, 0]","[np.int64(0), np.int64(0)]",,,,
2.5300000000000002,,,,,,,,,,,"[0, 0]","[np.int64(0), np.int64(0)]",,,,
2.54,,,,,,,,,,,"[0, 0]","[np.int64(0), np.int64(0)]",,,,
2.5500000000000003,,,,,,,,,,,"[0, 0]","[np.int64(0), np.int64(0)]",,,,
2.56,,,,,,,,,,,"[0, 0]","[np.int64(0), np.int64(0)]",,,,
2.57,,,,,,,,,,,"[0, 0]","[np.int64(0), np.int64(0)]",,,,
2.58,,,,,,,,,,,"[0, 0]","[np.int64(0), np.int64(0)]",,,,
2.59,,,,,,,,,,,"[0, 0]","[np.int64(0), np.int64(0)]",,,,
2.6,,,,,,,,,,,"[0, 0]","[np.int64(0), np.int64(0)]",,,,
2.61,,,,,,,,,,,"[0, 0]","[np.int64(0), np.int64(0)]",,,,
2.62,,,,,,,,,,,"[0, 0]","[np.int64(0), np.int64(0)]",,,,
2.63,,,,,,,,,,,"[0, 0]","[np.int64(0), np.int64(0)]",,,,
2.64,,,,,,,,,,,"[0, 0]","[np.int64(0), np.int64(0)]",,,,
2.65,,,,,,,,,,,"[0, 0]","[np.int64(0), np.int64(0)]",,,,
2.66,,,,,,,,,,,"[0, 0]","[np.int64(0), np.int64(0)]",,,,
2.67,,,,,,,,,,,"[0, 0]","[np.int64(0), np.int64(0)]",,,,
2.68,,,,,,,,,,,"[0, 0]","[np.int64(0), np.int64(0)]",,,,
2.69,,,,,,,,,,,"[0, 0]","[np.int64(0), np.int64(0)]",,,,
2.7,,,,,,,,,,,"[0, 0]","[np.int64(0), np.int64(0)]",,,,
2.71,,,,,,,,,,,"[0, 0]","[np.int64(0), np.int64(0)]",,,,
2.72,,,,,,,,,,,"[0, 0]","[np.int64(0), np.int64(0)]",,,,
2.73,,,,,,,,,,,"[0, 0]","[np.int64(0), np.int64(0)]",,,,
2.74,,,,,,,,,,,"[0, 0]","[np.int64(0), np.int64(0)]",,,,
2.75,,,,,,,,,,,"[0, 0]","[np.int64(0), np.int64(0)]",,,,
2.7600000000000002,,,,,,,,,,,"[0, 0]","[np.int64(0), np.int64(0)]",,,,
2.77,,,,,,,,,,,"[0, 0]","[np.int64(0), np.int64(0)]",,,,
2.7800000000000002,,,,,,,,,,,"[0, 0]","[np.int64(0), np.int64(0)]",,,,
2.79,,,,,,,,,,,"[0, 0]","[np.int64(0), np.int64(0)]",,,,
2.8000000000000003,,,,,,,,,,,"[0, 0]","[np.int64(0), np.int64(0)]",,,,
2.81,,,,,,,,,,,"[0, 0]","[np.int64(0), np.int64(0)]",,,,
2.82,,,,,,,,,,,"[0, 0]","[np.int64(0), np.int64(0)]",,,,
2.83,,,,,,,,,,,"[0, 0]","[np.int64(0), np.int64(0)]",,,,
2.84,,,,,,,,,,,"[0, 0]","[np.int64(0), np.int64(0)]",,,,
2.85,,,,,,,,,,,"[0, 0]","[np.int64(0), np.int64(0)]",,,,
2.86,,,,,,,,,,,"[0, 0]","[np.int64(0), np.int64(0)]",,,,
2.87,,,,,,,,,,,"[0, 0]","[np.int64(0), np.int64(0)]",,,,
2.88,,,,,,,,,,,"[0, 0]","[np.int64(0), np.int64(0)]",,,,
2.89,,,,,,,,,,,"[0, 0]","[np.int64(0), np.int64(0)]",,,,
2.9,,,,,,,,,,,"[0, 0]","[np.int64(0), np.int64(0)]",,,,
2.91,,,,,,,,,,,"[0, 0]","[np.int64(0), np.int64(0)]",,,,
2.92,,,,,,,,,,,"[0, 0]","[np.int64(0), np.int64(0)]",,,,
2.93,,,,,,,,,,,"[0, 0]","[np.int64(0), np.int64(0)]",,,,
2.94,,,,,,,,,,,"[0, 0]","[np.int64(0), np.int64(0)]",,,,
2.95,,,,,,,,,,,"[0, 0]","[np.int64(0), np.int64(0)]",,,,
2.96,,,,,,,,,,,"[0, 0]","[np.int64(0), np.int64(0)]",,,,
2.97,,,,,,,,,,,"[0, 0]","[np.int64(0), np.int64(0)]",,,,
2.98,,,,,,,,,,,"[0, 0]","[np.int64(0), np.int64(0)]",,,,
2.99,,,,,,,,,,,"[0, 0]","[np.int64(0), np.int64(0)]",,,,
3.0,,,,,,,,,,,"[0, 0]","[np.int64(0), np.int64(0)]",,,,
3.0100000000000002,,,,,,,,,,,"[0, 0]","[np.int64(0), np.int64(0)]",,,,
3.02,,,,,,,,,,,"[0, 0]","[np.int64(0), np.int64(0)]",,,,
3.0300000000000002,,,,,,,,,,,"[0, 0]","[np.int64(0), np.int64(0)]",,,,
3.04,,,,,,,,,,,"[0, 0]","[np.int64(0), np.int64(0)]",,,,
3.0500000000000003,,,,,,,,,,,"[0, 0]","[np.int64(0), np.int64(0)]",,,,
3.06,,,,,,,,,,,"[0, 0]","[np.int64(0), np.int64(0)]",,,,
3.0700000000000003,,,,,,,,,,,"[0, 0]","[np.int64(0), np.int64(0)]",,,,
3.08,,,,,,,,,,,"[0, 0]","[np.int64(0), np.int64(0)]",,,,
3.09,,,,,,,,,,,"[0, 0]","[np.int64(0), np.int64(0)]",,,,
3.1,,,,,,,,,,,"[0, 0]","[np.int64(0), np.int64(0)]",,,,
3.11,,,,,,,,,,,"[0, 0]","[np.int64(0), np.int64(0)]",,,,
3.12,,,,,,,,,,,"[0, 0]","[np.int64(0), np.int64(0)]",,,,
3.13,,,,,,,,,,,"[0, 0]","[np.int64(0), np.int64(0)]",,,,
3.14,,,,,,,,,,,"[0, 0]","[np.int64(0), np.int64(0)]",,,,
3.15,,,,,,,,,,,"[0, 0]","[np.int64(0), np.int64(0)]",,,,
3.16,,,,,,,,,,,"[0, 0]","[np.int64(0), np.int64(0)]",,,,
3.17,,,,,,,,,,,"[0, 0]","[np.int64(0), np.int64(0)]",,,,
3.18,,,,,,,,,,,"[0, 0]","[np.int64(0), np.int64(0)]",,,,
3.19,,,,,,,,,,,"[0, 0]","[np.int64(0), np.int64(0)]",,,,
3.2,,,,,,,,,,,"[0, 0]","[np.int64(0), np.int64(0)]",,,,
3.21,,,,,,,,,,,"[0, 0]","[np.int64(0), np.int64(0)]",,,,
3.22,,,,,,,,,,,"[0, 0]","[np.int64(0), np.int64(0)]",,,,
3.23,,,,,,,,,,,"[0, 0]","[np.int64(0), np.int64(0)]",,,,
3.24,,,,,,,,,,,"[0, 0]","[np.int64(0), np.int64(0)]",,,,
3.25,,,,,,,,,,,"[0, 0]","[np.int64(0), np.int64(0)]",,,,
3.2600000000000002,,,,,,,,,,,"[0, 0]","[np.int64(0), np.int64(0)]",,,,
3.27,,,,,,,,,,,"[0, 0]","[np.int64(0), np.int64(0)]",,,,
3.2800000000000002,,,,,,,,,,,"[0, 0]","[np.int64(0), np.int64(0)]",,,,
3.29,,,,,,,,,,,"[0, 0]","[np.int64(0), np.int64(0)]",,,,
3.3000000000000003,,,,,,,,,,,"[0, 0]","[np.int64(0), np.int64(0)]",,,,
3.31,,,,,,,,,,,"[0, 0]","[np.int64(0), np.int64(0)]",,,,
3.3200000000000003,,,,,,,,,,,"[0, 0]","[np.int64(0), np.int64(0)]",,,,
3.33,,,,,,,,,,,"[0, 0]","[np.int64(0), np.int64(0)]",,,,
3.34,,,,,,,,,,,"[0, 0]","[np.int64(0), np.int64(0)]",,,,
3.35,,,,,,,,,,,"[0, 0]","[np.int64(0), np.int64(0)]",,,,
3.36,,,,,,,,,,,"[0, 0]","[np.int64(0), np.int64(0)]",,,,
3.37,,,,,,,,,,,"[0, 0]","[np.int64(0), np.int64(0)]",,,,
3.38,,,,,,,,,,,"[0, 0]","[np.int64(0), np.int64(0)]",,,,
3.39,,,,,,,,,,,"[0, 0]","[np.int64(0), np.int64(0)]",,,,
3.4,,,,,,,,,,,"[0, 0]","[np.int64(0), np.int64(0)]",,,,
3.41,,,,,,,,,,,"[0, 0]","[np.int64(0), np.int64(0)]",,,,
3.42,,,,,,,,,,,"[0, 0]","[np.int64(0), np.int64(0)]",,,,
3.43,,,,,,,,,,,"[0, 0]","[np.int64(0), np.int64(0)]",,,,
3.44,,,,,,,,,,,"[0, 0]","[np.int64(0), np.int64(0)]",,,,
3.45,,,,,,,,,,,"[0, 0]","[np.int64(0), np.int64(0)]",,,,
3.46,,,,,,,,,,,"[0, 0]","[np.int64(0), np.int64(0)]",,,,
3.47,,,,,,,,,,,"[0, 0]","[np.int64(0), np.int64(0)]",,,,
3.48,,,,,,,,,,,"[0, 0]","[np.int64(0), np.int64(0)]",,,,
3.49,,,,,,,,,,,"[0, 0]","[np.int64(0), np.int64(0)]",,,,
3.5,,,,,,,,,,,"[0, 0]","[np.int64(0), np.int64(0)]",,,,
3.5100000000000002,,,,,,,,,,,"[0, 0]","[np.int64(0), np.int64(0)]",,,,
3.52,,,,,,,,,,,"[0, 0]","[np.int64(0), np.int64(0)]",,,,
3.5300000000000002,,,,,,,,,,,"[0, 0]","[np.int64(0), np.int64(0)]",,,,
3.54,,,,,,,,,,,"[0, 0]","[np.int64(0), np.int64(0)]",,,,
3.5500000000000003,,,,,,,,,,,"[0, 0]","[np.int64(0), np.int64(0)]",,,,
3.56,,,,,,,,,,,"[0, 0]","[np.int64(0), np.int64(0)]",,,,
3.5700000000000003,,,,,,,,,,,"[0, 0]","[np.int64(0), np.int64(0)]",,,,
3.58,,,,,,,,,,,"[0, 0]","[np.int64(0), np.int64(0)]",,,,
3.59,,,,,,,,,,,"[0, 0]","[np.int64(0), np.int64(0)]",,,,
3.6,,,,,,,,,,,"[0, 0]","[np.int64(0), np.int64(0)]",,,,
3.61,,,,,,,,,,,"[0, 0]","[np.int64(0), np.int64(0)]",,,,
3.62,,,,,,,,,,,"[0, 0]","[np.int64(0), np.int64(0)]",,,,
3.63,,,,,,,,,,,"[0, 0]","[np.int64(0), np.int64(0)]",,,,
3.64,,,,,,,,,,,"[0, 0]","[np.int64(0), np.int64(0)]",,,,
3.65,,,,,,,,,,,"[0, 0]","[np.int64(0), np.int64(0)]",,,,
3.66,,,,,,,,,,,"[0, 0]","[np.int64(0), np.int64(0)]",,,,
3.67,,,,,,,,,,,"[0, 0]","[np.int64(0), np.int64(0)]",,,,
3.68,,,,,,,,,,,"[0, 0]","[np.int64(0), np.int64(0)]",,,,
3.69,,,,,,,,,,,"[0, 0]","[np.int64(0), np.int64(0)]",,,,
3.7,,,,,,,,,,,"[0, 0]","[np.int64(0), np.int64(0)]",,,,
3.71,,,,,,,,,,,"[0, 0]","[np.int64(0), np.int64(0)]",,,,
3.72,,,,,,,,,,,"[0, 0]","[np.int64(0), np.int64(0)]",,,,
3.73,,,,,,,,,,,"[0, 0]","[np.int64(0), np.int64(0)]",,,,
3.74,,,,,,,,,,,"[0, 0]","[np.int64(0), np.int64(0)]",,,,
3.75,,,,,,,,,,,"[0, 0]","[np.int64(0), np.int64(0)]",,,,
3.7600000000000002,,,,,,,,,,,"[0, 0]","[np.int64(0), np.int64(0)]",,,,
3.77,,,,,,,,,,,"[0, 0]","[np.int64(0), np.int64(0)]",,,,
3.7800000000000002,,,,,,,,,,,"[0, 0]","[np.int64(0), np.int64(0)]",,,,
3.79,,,,,,,,,,,"[0, 0]","[np.int64(0), np.int64(0)]",,,,
3.8000000000000003,,,,,,,,,,,"[0, 0]","[np.int64(0), np.int64(0)]",,,,
3.81,,,,,,,,,,,"[0, 0]","[np.int64(0), np.int64(0)]",,,,
3.8200000000000003,,,,,,,,,,,"[0, 0]","[np.int64(0), np.int64(0)]",,,,
3.83,,,,,,,,,,,"[0, 0]","[np.int64(0), np.int64(0)]",,,,
3.84,,,,,,,,,,,"[0, 0]","[np.int64(0), np.int64(0)]",,,,
3.85,,,,,,,,,,,"[0, 0]","[np.int64(0), np.int64(0)]",,,,
3.86,,,,,,,,,,,"[0, 0]","[np.int64(0), np.int64(0)]",,,,
3.87,,,,,,,,,,,"[0, 0]","[np.int64(0), np.int64(0)]",,,,
3.88,,,,,,,,,,,"[0, 0]","[np.int64(0), np.int64(0)]",,,,
3.89,,,,,,,,,,,"[0, 0]","[np.int64(0), np.int64(0)]",,,,
3.9,,,,,,,,,,,"[0, 0]","[np.int64(0), np.int64(0)]",,,,
3.91,,,,,,,,,,,"[0, 0]","[np.int64(0), np.int64(0)]",,,,
3.92,,,,,,,,,,,"[0, 0]","[np.int64(0), np.int64(0)]",,,,
3.93,,,,,,,,,,,"[0, 0]","[np.int64(0), np.int64(0)]",,,,
3.94,,,,,,,,,,,"[0, 0]","[np.int64(0), np.int64(0)]",,,,
3.95,,,,,,,,,,,"[0, 0]","[np.int64(0), np.int64(0)]",,,,
3.96,,,,,,,,,,,"[0, 0]","[np.int64(0), np.int64(0)]",,,,
3.97,,,,,,,,,,,"[0, 0]","[np.int64(0), np.int64(0)]",,,,
3.98,,,,,,,,,,,"[0, 0]","[np.int64(0), np.int64(0)]",,,,
3.99,,,,,,,,,,,"[0, 0]","[np.int64(0), np.int64(0)]",,,,
4.0,,,,,,,,,,,"[0, 0]","[np.int64(0), np.int64(0)]",,,,
4.01,,,,,,,,,,,"[0, 0]","[np.int64(0), np.int64(0)]",,,,
4.0200000000000005,,,,,,,,,,,"[0, 0]","[np.int64(0), np.int64(0)]",,,,
4.03,,,,,,,,,,,"[0, 0]","[np.int64(0), np.int64(0)]",,,,
4.04,,,,,,,,,,,"[0, 0]","[np.int64(0), np.int64(0)]",,,,
4.05,,,,,,,,,,,"[0, 0]","[np.int64(0), np.int64(0)]",,,,
4.0600000000000005,,,,,,,,,,,"[0, 0]","[np.int64(0), np.int64(0)]",,,,
4.07,,,,,,,,,,,"[0, 0]","[np.int64(0), np.int64(0)]",,,,
4.08,,,,,,,,,,,"[0, 0]","[np.int64(0), np.int64(0)]",,,,
4.09,,,,,,,,,,,"[0, 0]","[np.int64(0), np.int64(0)]",,,,
4.1,,,,,,,,,,,"[0, 0]","[np.int64(0), np.int64(0)]",,,,
4.11,,,,,,,,,,,"[0, 0]","[np.int64(0), np.int64(0)]",,,,
4.12,,,,,,,,,,,"[0, 0]","[np.int64(0), np.int64(0)]",,,,
4.13,,,,,,,,,,,"[0, 0]","[np.int64(0), np.int64(0)]",,,,
4.14,,,,,,,,,,,"[0, 0]","[np.int64(0), np.int64(0)]",,,,
4.15,,,,,,,,,,,"[0, 0]","[np.int64(0), np.int64(0)]",,,,
4.16,,,,,,,,,,,"[0, 0]","[np.int64(0), np.int64(0)]",,,,
4.17,,,,,,,,,,,"[0, 0]","[np.int64(0), np.int64(0)]",,,,
4.18,,,,,,,,,,,"[0, 0]","[np.int64(0), np.int64(0)]",,,,
4.19,,,,,,,,,,,"[0, 0]","[np.int64(0), np.int64(0)]",,,,
4.2,,,,,,,,,,,"[0, 0]","[np.int64(0), np.int64(0)]",,,,
4.21,,,,,,,,,,,"[0, 0]","[np.int64(0), np.int64(0)]",,,,
4.22,,,,,,,,,,,"[0, 0]","[np.int64(0), np.int64(0)]",,,,
4.23,,,,,,,,,,,"[0, 0]","[np.int64(0), np.int64(0)]",,,,
4.24,,,,,,,,,,,"[0, 0]","[np.int64(0), np.int64(0)]",,,,
4.25,,,,,,,,,,,"[0, 0]","[np.int64(0), np.int64(0)]",,,,
4.26,,,,,,,,,,,"[0, 0]","[np.int64(0), np.int64(0)]",,,,
4.2700000000000005,,,,,,,,,,,"[0, 0]","[np.int64(0), np.int64(0)]",,,,
4.28,,,,,,,,,,,"[0, 0]","[np.int64(0), np.int64(0)]",,,,
4.29,,,,,,,,,,,"[0, 0]","[np.int64(0), np.int64(0)]",,,,
4.3,,,,,,,,,,,"[0, 0]","[np.int64(0), np.int64(0)]",,,,
4.3100000000000005,,,,,,,,,,,"[0, 0]","[np.int64(0), np.int64(0)]",,,,
4.32,,,,,,,,,,,"[0, 0]","[np.int64(0), np.int64(0)]",,,,
4.33,,,,,,,,,,,"[0, 0]","[np.int64(0), np.int64(0)]",,,,
4.34,,,,,,,,,,,"[0, 0]","[np.int64(0), np.int64(0)]",,,,
4.3500000000000005,,,,,,,,,,,"[0, 0]","[np.int64(0), np.int64(0)]",,,,
4.36,,,,,,,,,,,"[0, 0]","[np.int64(0), np.int64(0)]",,,,
4.37,,,,,,,,,,,"[0, 0]","[np.int64(0), np.int64(0)]",,,,
4.38,,,,,,,,,,,"[0, 0]","[np.int64(0), np.int64(0)]",,,,
4.39,,,,,,,,,,,"[0, 0]","[np.int64(0), np.int64(0)]",,,,
4.4,,,,,,,,,,,"[0, 0]","[np.int64(0), np.int64(0)]",,,,
4.41,,,,,,,,,,,"[0, 0]","[np.int64(0), np.int64(0)]",,,,
4.42,,,,,,,,,,,"[0, 0]","[np.int64(0), np.int64(0)]",,,,
4.43,,,,,,,,,,,"[0, 0]","[np.int64(0), np.int64(0)]",,,,
4.44,,,,,,,,,,,"[0, 0]","[np.int64(0), np.int64(0)]",,,,
4.45,,,,,,,,,,,"[0, 0]","[np.int64(0), np.int64(0)]",,,,
4.46,,,,,,,,,,,"[0, 0]","[np.int64(0), np.int64(0)]",,,,
4.47,,,,,,,,,,,"[0, 0]","[np.int64(0), np.int64(0)]",,,,
4.48,,,,,,,,,,,"[0, 0]","[np.int64(0), np.int64(0)]",,,,
4.49,,,,,,,,,,,"[0, 0]","[np.int64(0), np.int64(0)]",,,,
4.5,,,,,,,,,,,"[0, 0]","[np.int64(0), np.int64(0)]",,,,
4.51,,,,,,,,,,,"[0, 0]","[np.int64(0), np.int64(0)]",,,,
4.5200000000000005,,,,,,,,,,,"[0, 0]","[np.int64(0), np.int64(0)]",,,,
4.53,,,,,,,,,,,"[0, 0]","[np.int64(0), np.int64(0)]",,,,
4.54,,,,,,,,,,,"[0, 0]","[np.int64(0), np.int64(0)]",,,,
4.55,,,,,,,,,,,"[0, 0]","[np.int64(0), np.int64(0)]",,,,
4.5600000000000005,,,,,,,,,,,"[0, 0]","[np.int64(0), np.int64(0)]",,,,
4.57,,,,,,,,,,,"[0, 0]","[np.int64(0), np.int64(0)]",,,,
4.58,,,,,,,,,,,"[0, 0]","[np.int64(0), np.int64(0)]",,,,
4.59,,,,,,,,,,,"[0, 0]","[np.int64(0), np.int64(0)]",,,,
4.6000000000000005,,,,,,,,,,,"[0, 0]","[np.int64(0), np.int64(0)]",,,,
4.61,,,,,,,,,,,"[0, 0]","[np.int64(0), np.int64(0)]",,,,
4.62,,,,,,,,,,,"[0, 0]","[np.int64(0), np.int64(0)]",,,,
4.63,,,,,,,,,,,"[0, 0]","[np.int64(0), np.int64(0)]",,,,
4.64,,,,,,,,,,,"[0, 0]","[np.int64(0), np.int64(0)]",,,,
4.65,,,,,,,,,,,"[0, 0]","[np.int64(0), np.int64(0)]",,,,
4.66,,,,,,,,,,,"[0, 0]","[np.int64(0), np.int64(0)]",,,,
4.67,,,,,,,,,,,"[0, 0]","[np.int64(0), np.int64(0)]",,,,
4.68,,,,,,,,,,,"[0, 0]","[np.int64(0), np.int64(0)]",,,,
4.69,,,,,,,,,,,"[0, 0]","[np.int64(0), np.int64(0)]",,,,
4.7,,,,,,,,,,,"[0, 0]","[np.int64(0), np.int64(0)]",,,,
4.71,,,,,,,,,,,"[0, 0]","[np.int64(0), np.int64(0)]",,,,
4.72,,,,,,,,,,,"[0, 0]","[np.int64(0), np.int64(0)]",,,,
4.73,,,,,,,,,,,"[0, 0]","[np.int64(0), np.int64(0)]",,,,
4.74,,,,,,,,,,,"[0, 0]","[np.int64(0), np.int64(0)]",,,,
4.75,,,,,,,,,,,"[0, 0]","[np.int64(0), np.int64(0)]",,,,
4.76,,,,,,,,,,,"[0, 0]","[np.int64(0), np.int64(0)]",,,,
4.7700000000000005,,,,,,,,,,,"[0, 0]","[np.int64(0), np.int64(0)]",,,,
4.78,,,,,,,,,,,"[0, 0]","[np.int64(0), np.int64(0)]",,,,
4.79,,,,,,,,,,,"[0, 0]","[np.int64(0), np.int64(0)]",,,,
4.8,,,,,,,,,,,"[0, 0]","[np.int64(0), np.int64(0)]",,,,
4.8100000000000005,,,,,,,,,,,"[0, 0]","[np.int64(0), np.int64(0)]",,,,
4.82,,,,,,,,,,,"[0, 0]","[np.int64(0), np.int64(0)]",,,,
4.83,,,,,,,,,,,"[0, 0]","[np.int64(0), np.int64(0)]",,,,
4.84,,,,,,,,,,,"[0, 0]","[np.int64(0), np.int64(0)]",,,,
4.8500000000000005,,,,,,,,,,,"[0, 0]","[np.int64(0), np.int64(0)]",,,,
4.86,,,,,,,,,,,"[0, 0]","[np.int64(0), np.int64(0)]",,,,
4.87,,,,,,,,,,,"[0, 0]","[np.int64(0), np.int64(0)]",,,,
4.88,,,,,,,,,,,"[0, 0]","[np.int64(0), np.int64(0)]",,,,
4.89,,,,,,,,,,,"[0, 0]","[np.int64(0), np.int64(0)]",,,,
4.9,,,,,,,,,,,"[0, 0]","[np.int64(0), np.int64(0)]",,,,
4.91,,,,,,,,,,,"[0, 0]","[np.int64(0), np.int64(0)]",,,,
4.92,,,,,,,,,,,"[0, 0]","[np.int64(0), np.int64(0)]",,,,
4.93,,,,,,,,,,,"[0, 0]","[np.int64(0), np.int64(0)]",,,,
4.94,,,,,,,,,,,"[0, 0]","[np.int64(0), np.int64(0)]",,,,
4.95,,,,,,,,,,,"[0, 0]","[np.int64(0), np.int64(0)]",,,,
4.96,,,,,,,,,,,"[0, 0]","[np.int64(0), np.int64(0)]",,,,
4.97,,,,,,,,,,,"[0, 0]","[np.int64(0), np.int64(0)]",,,,
4.98,,,,,,,,,,,"[0, 0]","[np.int64(0), np.int64(0)]",,,,
4.99,,,,,,,,,,,"[0, 0]","[np.int64(0), np.int64(0)]",,,,
5.0,,,,,,,,,,,"[0, 0]","[np.int64(0), np.int64(0)]",,,,
5.01,,,,,,,,,,,"[0, 0]","[np.int64(0), np.int64(0)]",,,,
5.0200000000000005,,,,,,,,,,,"[0, 0]","[np.int64(0), np.int64(0)]",,,,
5.03,,,,,,,,,,,"[0, 0]","[np.int64(0), np.int64(0)]",,,,
5.04,,,,,,,,,,,"[0, 0]","[np.int64(0), np.int64(0)]",,,,
5.05,,,,,,,,,,,"[0, 0]","[np.int64(0), np.int64(0)]",,,,
5.0600000000000005,,,,,,,,,,,"[0, 0]","[np.int64(0), np.int64(0)]",,,,
5.07,,,,,,,,,,,"[0, 0]","[np.int64(0), np.int64(0)]",,,,
5.08,,,,,,,,,,,"[0, 0]","[np.int64(0), np.int64(0)]",,,,
5.09,,,,,,,,,,,"[0, 0]","[np.int64(0), np.int64(0)]",,,,
5.1000000000000005,,,,,,,,,,,"[0, 0]","[np.int64(0), np.int64(0)]",,,,
5.11,,,,,,,,,,,"[0, 0]","[np.int64(0), np.int64(0)]",,,,
5.12,,,,,,,,,,,"[0, 0]","[np.int64(0), np.int64(0)]",,,,
5.13,,,,,,,,,,,"[0, 0]","[np.int64(0), np.int64(0)]",,,,
5.14,,,,,,,,,,,"[0, 0]","[np.int64(0), np.int64(0)]",,,,
5.15,,,,,,,,,,,"[0, 0]","[np.int64(0), np.int64(0)]",,,,
5.16,,,,,,,,,,,"[0, 0]","[np.int64(0), np.int64(0)]",,,,
5.17,,,,,,,,,,,"[0, 0]","[np.int64(0), np.int64(0)]",,,,
5.18,,,,,,,,,,,"[0, 0]","[np.int64(0), np.int64(0)]",,,,
5.19,,,,,,,,,,,"[0, 0]","[np.int64(0), np.int64(0)]",,,,
5.2,,,,,,,,,,,"[0, 0]","[np.int64(0), np.int64(0)]",,,,
5.21,,,,,,,,,,,"[0, 0]","[np.int64(0), np.int64(0)]",,,,
5.22,,,,,,,,,,,"[0, 0]","[np.int64(0), np.int64(0)]",,,,
5.23,,,,,,,,,,,"[0, 0]","[np.int64(0), np.int64(0)]",,,,
5.24,,,,,,,,,,,"[0, 0]","[np.int64(0), np.int64(0)]",,,,
5.25,,,,,,,,,,,"[0, 0]","[np.int64(0), np.int64(0)]",,,,
5.26,,,,,,,,,,,"[0, 0]","[np.int64(0), np.int64(0)]",,,,
5.2700000000000005,,,,,,,,,,,"[0, 0]","[np.int64(0), np.int64(0)]",,,,
5.28,,,,,,,,,,,"[0, 0]","[np.int64(0), np.int64(0)]",,,,
5.29,,,,,,,,,,,"[0, 0]","[np.int64(0), np.int64(0)]",,,,
5.3,,,,,,,,,,,"[0, 0]","[np.int64(0), np.int64(0)]",,,,
5.3100000000000005,,,,,,,,,,,"[0, 0]","[np.int64(0), np.int64(0)]",,,,
5.32,,,,,,,,,,,"[0, 0]","[np.int64(0), np.int64(0)]",,,,
5.33,,,,,,,,,,,"[0, 0]","[np.int64(0), np.int64(0)]",,,,
5.34,,,,,,,,,,,"[0, 0]","[np.int64(0), np.int64(0)]",,,,
5.3500000000000005,,,,,,,,,,,"[0, 0]","[np.int64(0), np.int64(0)]",,,,
5.36,,,,,,,,,,,"[0, 0]","[np.int64(0), np.int64(0)]",,,,
5.37,,,,,,,,,,,"[0, 0]","[np.int64(0), np.int64(0)]",,,,
5.38,,,,,,,,,,,"[0, 0]","[np.int64(0), np.int64(0)]",,,,
5.39,,,,,,,,,,,"[0, 0]","[np.int64(0), np.int64(0)]",,,,
5.4,,,,,,,,,,,"[0, 0]","[np.int64(0), np.int64(0)]",,,,
5.41,,,,,,,,,,,"[0, 0]","[np.int64(0), np.int64(0)]",,,,
5.42,,,,,,,,,,,"[0, 0]","[np.int64(0), np.int64(0)]",,,,
5.43,,,,,,,,,,,"[0, 0]","[np.int64(0), np.int64(0)]",,,,
5.44,,,,,,,,,,,"[0, 0]","[np.int64(0), np.int64(0)]",,,,
5.45,,,,,,,,,,,"[0, 0]","[np.int64(0), np.int64(0)]",,,,
5.46,,,,,,,,,,,"[0, 0]","[np.int64(0), np.int64(0)]",,,,
5.47,,,,,,,,,,,"[0, 0]","[np.int64(0), np.int64(0)]",,,,
5.48,,,,,,,,,,,"[0, 0]","[np.int64(0), np.int64(0)]",,,,
5.49,,,,,,,,,,,"[0, 0]","[np.int64(0), np.int64(0)]",,,,
5.5,,,,,,,,,,,"[0, 0]","[np.int64(0), np.int64(0)]",,,,
5.51,,,,,,,,,,,"[0, 0]","[np.int64(0), np.int64(0)]",,,,
5.5200000000000005,,,,,,,,,,,"[0, 0]","[np.int64(0), np.int64(0)]",,,,
5.53,,,,,,,,,,,"[0, 0]","[np.int64(0), np.int64(0)]",,,,
5.54,,,,,,,,,,,"[0, 0]","[np.int64(0), np.int64(0)]",,,,
5.55,,,,,,,,,,,"[0, 0]","[np.int64(0), np.int64(0)]",,,,
5.5600000000000005,,,,,,,,,,,"[0, 0]","[np.int64(0), np.int64(0)]",,,,
5.57,,,,,,,,,,,"[0, 0]","[np.int64(0), np.int64(0)]",,,,
5.58,,,,,,,,,,,"[0, 0]","[np.int64(0), np.int64(0)]",,,,
5.59,,,,,,,,,,,"[0, 0]","[np.int64(0), np.int64(0)]",,,,
5.6000000000000005,,,,,,,,,,,"[0, 0]","[np.int64(0), np.int64(0)]",,,,
5.61,,,,,,,,,,,"[0, 0]","[np.int64(0), np.int64(0)]",,,,
5.62,,,,,,,,,,,"[0, 0]","[np.int64(0), np.int64(0)]",,,,
5.63,,,,,,,,,,,"[0, 0]","[np.int64(0), np.int64(0)]",,,,
5.64,,,,,,,,,,,"[0, 0]","[np.int64(0), np.int64(0)]",,,,
5.65,,,,,,,,,,,"[0, 0]","[np.int64(0), np.int64(0)]",,,,
5.66,,,,,,,,,,,"[0, 0]","[np.int64(0), np.int64(0)]",,,,
5.67,,,,,,,,,,,"[0, 0]","[np.int64(0), np.int64(0)]",,,,
5.68,,,,,,,,,,,"[0, 0]","[np.int64(0), np.int64(0)]",,,,
5.69,,,,,,,,,,,"[0, 0]","[np.int64(0), np.int64(0)]",,,,
5.7,,,,,,,,,,,"[0, 0]","[np.int64(0), np.int64(0)]",,,,
5.71,,,,,,,,,,,"[0, 0]","[np.int64(0), np.int64(0)]",,,,
5.72,,,,,,,,,,,"[0, 0]","[np.int64(0), np.int64(0)]",,,,
5.73,,,,,,,,,,,"[0, 0]","[np.int64(0), np.int64(0)]",,,,
5.74,,,,,,,,,,,"[0, 0]","[np.int64(0), np.int64(0)]",,,,
5.75,,,,,,,,,,,"[0, 0]","[np.int64(0), np.int64(0)]",,,,
5.76,,,,,,,,,,,"[0, 0]","[np.int64(0), np.int64(0)]",,,,
5.7700000000000005,,,,,,,,,,,"[0, 0]","[np.int64(0), np.int64(0)]",,,,
5.78,,,,,,,,,,,"[0, 0]","[np.int64(0), np.int64(0)]",,,,
5.79,,,,,,,,,,,"[0, 0]","[np.int64(0), np.int64(0)]",,,,
5.8,,,,,,,,,,,"[0, 0]","[np.int64(0), np.int64(0)]",,,,
5.8100000000000005,,,,,,,,,,,"[0, 0]","[np.int64(0), np.int64(0)]",,,,
5.82,,,,,,,,,,,"[0, 0]","[np.int64(0), np.int64(0)]",,,,
5.83,,,,,,,,,,,"[0, 0]","[np.int64(0), np.int64(0)]",,,,
5.84,,,,,,,,,,,"[0, 0]","[np.int64(0), np.int64(0)]",,,,
5.8500000000000005,,,,,,,,,,,"[0, 0]","[np.int64(0), np.int64(0)]",,,,
5.86,,,,,,,,,,,"[0, 0]","[np.int64(0), np.int64(0)]",,,,
5.87,,,,,,,,,,,"[0, 0]","[np.int64(0), np.int64(0)]",,,,
5.88,,,,,,,,,,,"[0, 0]","[np.int64(0), np.int64(0)]",,,,
5.89,,,,,,,,,,,"[0, 0]","[np.int64(0), np.int64(0)]",,,,
5.9,,,,,,,,,,,"[0, 0]","[np.int64(0), np.int64(0)]",,,,
5.91,,,,,,,,,,,"[0, 0]","[np.int64(0), np.int64(0)]",,,,
5.92,,,,,,,,,,,"[0, 0]","[np.int64(0), np.int64(0)]",,,,
5.93,,,,,,,,,,,"[0, 0]","[np.int64(0), np.int64(0)]",,,,
5.94,,,,,,,,,,,"[0, 0]","[np.int64(0), np.int64(0)]",,,,
5.95,,,,,,,,,,,"[0, 0]","[np.int64(0), np.int64(0)]",,,,
5.96,,,,,,,,,,,"[0, 0]","[np.int64(0), np.int64(0)]",,,,
5.97,,,,,,,,,,,"[0, 0]","[np.int64(0), np.int64(0)]",,,,
5.98,,,,,,,,,,,"[0, 0]","[np.int64(0), np.int64(0)]",,,,
5.99,,,,,,,,,,,"[0, 0]","[np.int64(0), np.int64(0)]",,,,
6.0,,,,,,,,,,,"[0, 0]","[np.int64(0), np.int64(0)]",,,,
6.01,,,,,,,,,,,"[0, 0]","[np.int64(0), np.int64(0)]",,,,
6.0200000000000005,,,,,,,,,,,"[0, 0]","[np.int64(0), np.int64(0)]",,,,
6.03,,,,,,,,,,,"[0, 0]","[np.int64(0), np.int64(0)]",,,,
6.04,,,,,,,,,,,"[0, 0]","[np.int64(0), np.int64(0)]",,,,
6.05,,,,,,,,,,,"[0, 0]","[np.int64(0), np.int64(0)]",,,,
6.0600000000000005,,,,,,,,,,,"[0, 0]","[np.int64(0), np.int64(0)]",,,,
6.07,,,,,,,,,,,"[0, 0]","[np.int64(0), np.int64(0)]",,,,
6.08,,,,,,,,,,,"[0, 0]","[np.int64(0), np.int64(0)]",,,,
6.09,,,,,,,,,,,"[0, 0]","[np.int64(0), np.int64(0)]",,,,
6.1000000000000005,,,,,,,,,,,"[0, 0]","[np.int64(0), np.int64(0)]",,,,
6.11,,,,,,,,,,,"[0, 0]","[np.int64(0), np.int64(0)]",,,,
6.12,,,,,,,,,,,"[0, 0]","[np.int64(0), np.int64(0)]",,,,
6.13,,,,,,,,,,,"[0, 0]","[np.int64(0), np.int64(0)]",,,,
6.140000000000001,,,,,,,,,,,"[0, 0]","[np.int64(0), np.int64(0)]",,,,
6.15,,,,,,,,,,,"[0, 0]","[np.int64(0), np.int64(0)]",,,,
6.16,,,,,,,,,,,"[0, 0]","[np.int64(0), np.int64(0)]",,,,
6.17,,,,,,,,,,,"[0, 0]","[np.int64(0), np.int64(0)]",,,,
6.18,,,,,,,,,,,"[0, 0]","[np.int64(0), np.int64(0)]",,,,
6.19,,,,,,,,,,,"[0, 0]","[np.int64(0), np.int64(0)]",,,,
6.2,,,,,,,,,,,"[0, 0]","[np.int64(0), np.int64(0)]",,,,
6.21,,,,,,,,,,,"[0, 0]","[np.int64(0), np.int64(0)]",,,,
6.22,,,,,,,,,,,"[0, 0]","[np.int64(0), np.int64(0)]",,,,
6.23,,,,,,,,,,,"[0, 0]","[np.int64(0), np.int64(0)]",,,,
6.24,,,,,,,,,,,"[0, 0]","[np.int64(0), np.int64(0)]",,,,
6.25,,,,,,,,,,,"[0, 0]","[np.int64(0), np.int64(0)]",,,,
6.26,,,,,,,,,,,"[0, 0]","[np.int64(0), np.int64(0)]",,,,
6.2700000000000005,,,,,,,,,,,"[0, 0]","[np.int64(0), np.int64(0)]",,,,
6.28,,,,,,,,,,,"[0, 0]","[np.int64(0), np.int64(0)]",,,,
6.29,,,,,,,,,,,"[0, 0]","[np.int64(0), np.int64(0)]",,,,
6.3,,,,,,,,,,,"[0, 0]","[np.int64(0), np.int64(0)]",,,,
6.3100000000000005,,,,,,,,,,,"[0, 0]","[np.int64(0), np.int64(0)]",,,,
6.32,,,,,,,,,,,"[0, 0]","[np.int64(0), np.int64(0)]",,,,
6.33,,,,,,,,,,,"[0, 0]","[np.int64(0), np.int64(0)]",,,,
6.34,,,,,,,,,,,"[0, 0]","[np.int64(0), np.int64(0)]",,,,
6.3500000000000005,,,,,,,,,,,"[0, 0]","[np.int64(0), np.int64(0)]",,,,
6.36,,,,,,,,,,,"[0, 0]","[np.int64(0), np.int64(0)]",,,,
6.37,,,,,,,,,,,"[0, 0]","[np.int64(0), np.int64(0)]",,,,
6.38,,,,,,,,,,,"[0, 0]","[np.int64(0), np.int64(0)]",,,,
6.390000000000001,,,,,,,,,,,"[0, 0]","[np.int64(0), np.int64(0)]",,,,
6.4,,,,,,,,,,,"[0, 0]","[np.int64(0), np.int64(0)]",,,,
6.41,,,,,,,,,,,"[0, 0]","[np.int64(0), np.int64(0)]",,,,
6.42,,,,,,,,,,,"[0, 0]","[np.int64(0), np.int64(0)]",,,,
6.43,,,,,,,,,,,"[0, 0]","[np.int64(0), np.int64(0)]",,,,
6.44,,,,,,,,,,,"[0, 0]","[np.int64(0), np.int64(0)]",,,,
6.45,,,,,,,,,,,"[0, 0]","[np.int64(0), np.int64(0)]",,,,
6.46,,,,,,,,,,,"[0, 0]","[np.int64(0), np.int64(0)]",,,,
6.47,,,,,,,,,,,"[0, 0]","[np.int64(0), np.int64(0)]",,,,
6.48,,,,,,,,,,,"[0, 0]","[np.int64(0), np.int64(0)]",,,,
6.49,,,,,,,,,,,"[0, 0]","[np.int64(0), np.int64(0)]",,,,
6.5,,,,,,,,,,,"[0, 0]","[np.int64(0), np.int64(0)]",,,,
6.51,,,,,,,,,,,"[0, 0]","[np.int64(0), np.int64(0)]",,,,
6.5200000000000005,,,,,,,,,,,"[0, 0]","[np.int64(0), np.int64(0)]",,,,
6.53,,,,,,,,,,,"[0, 0]","[np.int64(0), np.int64(0)]",,,,
6.54,,,,,,,,,,,"[0, 0]","[np.int64(0), np.int64(0)]",,,,
6.55,,,,,,,,,,,"[0, 0]","[np.int64(0), np.int64(0)]",,,,
6.5600000000000005,,,,,,,,,,,"[0, 0]","[np.int64(0), np.int64(0)]",,,,
6.57,,,,,,,,,,,"[0, 0]","[np.int64(0), np.int64(0)]",,,,
6.58,,,,,,,,,,,"[0, 0]","[np.int64(0), np.int64(0)]",,,,
6.59,,,,,,,,,,,"[0, 0]","[np.int64(0), np.int64(0)]",,,,
6.6000000000000005,,,,,,,,,,,"[0, 0]","[np.int64(0), np.int64(0)]",,,,
6.61,,,,,,,,,,,"[0, 0]","[np.int64(0), np.int64(0)]",,,,
6.62,,,,,,,,,,,"[0, 0]","[np.int64(0), np.int64(0)]",,,,
6.63,,,,,,,,,,,"[0, 0]","[np.int64(0), np.int64(0)]",,,,
6.640000000000001,,,,,,,,,,,"[0, 0]","[np.int64(0), np.int64(0)]",,,,
6.65,,,,,,,,,,,"[0, 0]","[np.int64(0), np.int64(0)]",,,,
6.66,,,,,,,,,,,"[0, 0]","[np.int64(0), np.int64(0)]",,,,
6.67,,,,,,,,,,,"[0, 0]","[np.int64(0), np.int64(0)]",,,,
6.68,,,,,,,,,,,"[0, 0]","[np.int64(0), np.int64(0)]",,,,
6.69,,,,,,,,,,,"[0, 0]","[np.int64(0), np.int64(0)]",,,,
6.7,,,,,,,,,,,"[0, 0]","[np.int64(0), np.int64(0)]",,,,
6.71,,,,,,,,,,,"[0, 0]","[np.int64(0), np.int64(0)]",,,,
6.72,,,,,,,,,,,"[0, 0]","[np.int64(0), np.int64(0)]",,,,
6.73,,,,,,,,,,,"[0, 0]","[np.int64(0), np.int64(0)]",,,,
6.74,,,,,,,,,,,"[0, 0]","[np.int64(0), np.int64(0)]",,,,
6.75,,,,,,,,,,,"[0, 0]","[np.int64(0), np.int64(0)]",,,,
6.76,,,,,,,,,,,"[0, 0]","[np.int64(0), np.int64(0)]",,,,
6.7700000000000005,,,,,,,,,,,"[0, 0]","[np.int64(0), np.int64(0)]",,,,
6.78,,,,,,,,,,,"[0, 0]","[np.int64(0), np.int64(0)]",,,,
6.79,,,,,,,,,,,"[0, 0]","[np.int64(0), np.int64(0)]",,,,
6.8,,,,,,,,,,,"[0, 0]","[np.int64(0), np.int64(0)]",,,,
6.8100000000000005,,,,,,,,,,,"[0, 0]","[np.int64(0), np.int64(0)]",,,,
6.82,,,,,,,,,,,"[0, 0]","[np.int64(0), np.int64(0)]",,,,
6.83,,,,,,,,,,,"[0, 0]","[np.int64(0), np.int64(0)]",,,,
6.84,,,,,,,,,,,"[0, 0]","[np.int64(0), np.int64(0)]",,,,
6.8500000000000005,,,,,,,,,,,"[0, 0]","[np.int64(0), np.int64(0)]",,,,
6.86,,,,,,,,,,,"[0, 0]","[np.int64(0), np.int64(0)]",,,,
6.87,,,,,,,,,,,"[0, 0]","[np.int64(0), np.int64(0)]",,,,
6.88,,,,,,,,,,,"[0, 0]","[np.int64(0), np.int64(0)]",,,,
6.890000000000001,,,,,,,,,,,"[0, 0]","[np.int64(0), np.int64(0)]",,,,
6.9,,,,,,,,,,,"[0, 0]","[np.int64(0), np.int64(0)]",,,,
6.91,,,,,,,,,,,"[0, 0]","[np.int64(0), np.int64(0)]",,,,
6.92,,,,,,,,,,,"[0, 0]","[np.int64(0), np.int64(0)]",,,,
6.93,,,,,,,,,,,"[0, 0]","[np.int64(0), np.int64(0)]",,,,
6.94,,,,,,,,,,,"[0, 0]","[np.int64(0), np.int64(0)]",,,,
6.95,,,,,,,,,,,"[0, 0]","[np.int64(0), np.int64(0)]",,,,
6.96,,,,,,,,,,,"[0, 0]","[np.int64(0), np.int64(0)]",,,,
6.97,,,,,,,,,,,"[0, 0]","[np.int64(0), np.int64(0)]",,,,
6.98,,,,,,,,,,,"[0, 0]","[np.int64(0), np.int64(0)]",,,,
6.99,,,,,,,,,,,"[0, 0]","[np.int64(0), np.int64(0)]",,,,
7.0,,,,,,,,,,,"[0, 0]","[np.int64(0), np.int64(0)]",,,,
7.01,,,,,,,,,,,"[0, 0]","[np.int64(0), np.int64(0)]",,,,
7.0200000000000005,,,,,,,,,,,"[0, 0]","[np.int64(0), np.int64(0)]",,,,
7.03,,,,,,,,,,,"[0, 0]","[np.int64(0), np.int64(0)]",,,,
7.04,,,,,,,,,,,"[0, 0]","[np.int64(0), np.int64(0)]",,,,
7.05,,,,,,,,,,,"[0, 0]","[np.int64(0), np.int64(0)]",,,,
7.0600000000000005,,,,,,,,,,,"[0, 0]","[np.int64(0), np.int64(0)]",,,,
7.07,,,,,,,,,,,"[0, 0]","[np.int64(0), np.int64(0)]",,,,
7.08,,,,,,,,,,,"[0, 0]","[np.int64(0), np.int64(0)]",,,,
7.09,,,,,,,,,,,"[0, 0]","[np.int64(0), np.int64(0)]",,,,
7.1000000000000005,,,,,,,,,,,"[0, 0]","[np.int64(0), np.int64(0)]",,,,
7.11,,,,,,,,,,,"[0, 0]","[np.int64(0), np.int64(0)]",,,,
7.12,,,,,,,,,,,"[0, 0]","[np.int64(0), np.int64(0)]",,,,
7.13,,,,,,,,,,,"[0, 0]","[np.int64(0), np.int64(0)]",,,,
7.140000000000001,,,,,,,,,,,"[0, 0]","[np.int64(0), np.int64(0)]",,,,
7.15,,,,,,,,,,,"[0, 0]","[np.int64(0), np.int64(0)]",,,,
7.16,,,,,,,,,,,"[0, 0]","[np.int64(0), np.int64(0)]",,,,
7.17,,,,,,,,,,,"[0, 0]","[np.int64(0), np.int64(0)]",,,,
7.18,,,,,,,,,,,"[0, 0]","[np.int64(0), np.int64(0)]",,,,
7.19,,,,,,,,,,,"[0, 0]","[np.int64(0), np.int64(0)]",,,,
7.2,,,,,,,,,,,"[0, 0]","[np.int64(0), np.int64(0)]",,,,
7.21,,,,,,,,,,,"[0, 0]","[np.int64(0), np.int64(0)]",,,,
7.22,,,,,,,,,,,"[0, 0]","[np.int64(0), np.int64(0)]",,,,
7.23,,,,,,,,,,,"[0, 0]","[np.int64(0), np.int64(0)]",,,,
7.24,,,,,,,,,,,"[0, 0]","[np.int64(0), np.int64(0)]",,,,
7.25,,,,,,,,,,,"[0, 0]","[np.int64(0), np.int64(0)]",,,,
7.26,,,,,,,,,,,"[0, 0]","[np.int64(0), np.int64(0)]",,,,
7.2700000000000005,,,,,,,,,,,"[0, 0]","[np.int64(0), np.int64(0)]",,,,
7.28,,,,,,,,,,,"[0, 0]","[np.int64(0), np.int64(0)]",,,,
7.29,,,,,,,,,,,"[0, 0]","[np.int64(0), np.int64(0)]",,,,
7.3,,,,,,,,,,,"[0, 0]","[np.int64(0), np.int64(0)]",,,,
7.3100000000000005,,,,,,,,,,,"[0, 0]","[np.int64(0), np.int64(0)]",,,,
7.32,,,,,,,,,,,"[0, 0]","[np.int64(0), np.int64(0)]",,,,
7.33,,,,,,,,,,,"[0, 0]","[np.int64(0), np.int64(0)]",,,,
7.34,,,,,,,,,,,"[0, 0]","[np.int64(0), np.int64(0)]",,,,
7.3500000000000005,,,,,,,,,,,"[0, 0]","[np.int64(0), np.int64(0)]",,,,
7.36,,,,,,,,,,,"[0, 0]","[np.int64(0), np.int64(0)]",,,,
7.37,,,,,,,,,,,"[0, 0]","[np.int64(0), np.int64(0)]",,,,
7.38,,,,,,,,,,,"[0, 0]","[np.int64(0), np.int64(0)]",,,,
7.390000000000001,,,,,,,,,,,"[0, 0]","[np.int64(0), np.int64(0)]",,,,
7.4,,,,,,,,,,,"[0, 0]","[np.int64(0), np.int64(0)]",,,,
7.41,,,,,,,,,,,"[0, 0]","[np.int64(0), np.int64(0)]",,,,
7.42,,,,,,,,,,,"[0, 0]","[np.int64(0), np.int64(0)]",,,,
7.43,,,,,,,,,,,"[0, 0]","[np.int64(0), np.int64(0)]",,,,
7.44,,,,,,,,,,,"[0, 0]","[np.int64(0), np.int64(0)]",,,,
7.45,,,,,,,,,,,"[0, 0]","[np.int64(0), np.int64(0)]",,,,
7.46,,,,,,,,,,,"[0, 0]","[np.int64(0), np.int64(0)]",,,,
7.47,,,,,,,,,,,"[0, 0]","[np.int64(0), np.int64(0)]",,,,
7.48,,,,,,,,,,,"[0, 0]","[np.int64(0), np.int64(0)]",,,,
7.49,,,,,,,,,,,"[0, 0]","[np.int64(0), np.int64(0)]",,,,
7.5,,,,,,,,,,,"[0, 0]","[np.int64(0), np.int64(0)]",,,,
7.51,,,,,,,,,,,"[0, 0]","[np.int64(0), np.int64(0)]",,,,
7.5200000000000005,,,,,,,,,,,"[0, 0]","[np.int64(0), np.int64(0)]",,,,
7.53,,,,,,,,,,,"[0, 0]","[np.int64(0), np.int64(0)]",,,,
7.54,,,,,,,,,,,"[0, 0]","[np.int64(0), np.int64(0)]",,,,
7.55,,,,,,,,,,,"[0, 0]","[np.int64(0), np.int64(0)]",,,,
7.5600000000000005,,,,,,,,,,,"[0, 0]","[np.int64(0), np.int64(0)]",,,,
7.57,,,,,,,,,,,"[0, 0]","[np.int64(0), np.int64(0)]",,,,
7.58,,,,,,,,,,,"[0, 0]","[np.int64(0), np.int64(0)]",,,,
7.59,,,,,,,,,,,"[0, 0]","[np.int64(0), np.int64(0)]",,,,
7.6000000000000005,,,,,,,,,,,"[0, 0]","[np.int64(0), np.int64(0)]",,,,
7.61,,,,,,,,,,,"[0, 0]","[np.int64(0), np.int64(0)]",,,,
7.62,,,,,,,,,,,"[0, 0]","[np.int64(0), np.int64(0)]",,,,
7.63,,,,,,,,,,,"[0, 0]","[np.int64(0), np.int64(0)]",,,,
7.640000000000001,,,,,,,,,,,"[0, 0]","[np.int64(0), np.int64(0)]",,,,
7.65,,,,,,,,,,,"[0, 0]","[np.int64(0), np.int64(0)]",,,,
7.66,,,,,,,,,,,"[0, 0]","[np.int64(0), np.int64(0)]",,,,
7.67,,,,,,,,,,,"[0, 0]","[np.int64(0), np.int64(0)]",,,,
7.68,,,,,,,,,,,"[0, 0]","[np.int64(0), np.int64(0)]",,,,
7.69,,,,,,,,,,,"[0, 0]","[np.int64(0), np.int64(0)]",,,,
7.7,,,,,,,,,,,"[0, 0]","[np.int64(0), np.int64(0)]",,,,
7.71,,,,,,,,,,,"[0, 0]","[np.int64(0), np.int64(0)]",,,,
7.72,,,,,,,,,,,"[0, 0]","[np.int64(0), np.int64(0)]",,,,
7.73,,,,,,,,,,,"[0, 0]","[np.int64(0), np.int64(0)]",,,,
7.74,,,,,,,,,,,"[0, 0]","[np.int64(0), np.int64(0)]",,,,
7.75,,,,,,,,,,,"[0, 0]","[np.int64(0), np.int64(0)]",,,,
7.76,,,,,,,,,,,"[0, 0]","[np.int64(0), np.int64(0)]",,,,
7.7700000000000005,,,,,,,,,,,"[0, 0]","[np.int64(0), np.int64(0)]",,,,
7.78,,,,,,,,,,,"[0, 0]","[np.int64(0), np.int64(0)]",,,,
7.79,,,,,,,,,,,"[0, 0]","[np.int64(0), np.int64(0)]",,,,
7.8,,,,,,,,,,,"[0, 0]","[np.int64(0), np.int64(0)]",,,,
7.8100000000000005,,,,,,,,,,,"[0, 0]","[np.int64(0), np.int64(0)]",,,,
7.82,,,,,,,,,,,"[0, 0]","[np.int64(0), np.int64(0)]",,,,
7.83,,,,,,,,,,,"[0, 0]","[np.int64(0), np.int64(0)]",,,,
7.84,,,,,,,,,,,"[0, 0]","[np.int64(0), np.int64(0)]",,,,
7.8500000000000005,,,,,,,,,,,"[0, 0]","[np.int64(0), np.int64(0)]",,,,
7.86,,,,,,,,,,,"[0, 0]","[np.int64(0), np.int64(0)]",,,,
7.87,,,,,,,,,,,"[0, 0]","[np.int64(0), np.int64(0)]",,,,
7.88,,,,,,,,,,,"[0, 0]","[np.int64(0), np.int64(0)]",,,,
7.890000000000001,,,,,,,,,,,"[0, 0]","[np.int64(0), np.int64(0)]",,,,
7.9,,,,,,,,,,,"[0, 0]","[np.int64(0), np.int64(0)]",,,,
7.91,,,,,,,,,,,"[0, 0]","[np.int64(0), np.int64(0)]",,,,
7.92,,,,,,,,,,,"[0, 0]","[np.int64(0), np.int64(0)]",,,,
7.930000000000001,,,,,,,,,,,"[0, 0]","[np.int64(0), np.int64(0)]",,,,
7.94,,,,,,,,,,,"[0, 0]","[np.int64(0), np.int64(0)]",,,,
7.95,,,,,,,,,,,"[0, 0]","[np.int64(0), np.int64(0)]",,,,
7.96,,,,,,,,,,,"[0, 0]","[np.int64(0), np.int64(0)]",,,,
7.97,,,,,,,,,,,"[0, 0]","[np.int64(0), np.int64(0)]",,,,
7.98,,,,,,,,,,,"[0, 0]","[np.int64(0), np.int64(0)]",,,,
7.99,,,,,,,,,,,"[0, 0]","[np.int64(0), np.int64(0)]",,,,
8.0,,,,,,,,,,,"[0, 0]","[np.int64(0), np.int64(0)]",,,,
8.01,,,,,,,,,,,"[0, 0]","[np.int64(0), np.int64(0)]",,,,
8.02,,,,,,,,,,,"[0, 0]","[np.int64(0), np.int64(0)]",,,,
8.03,,,,,,,,,,,"[0, 0]","[np.int64(0), np.int64(0)]",,,,
8.040000000000001,,,,,,,,,,,"[0, 0]","[np.int64(0), np.int64(0)]",,,,
8.05,,,,,,,,,,,"[0, 0]","[np.int64(0), np.int64(0)]",,,,
8.06,,,,,,,,,,,"[0, 0]","[np.int64(0), np.int64(0)]",,,,
8.07,,,,,,,,,,,"[0, 0]","[np.int64(0), np.int64(0)]",,,,
8.08,,,,,,,,,,,"[0, 0]","[np.int64(0), np.int64(0)]",,,,
8.09,,,,,,,,,,,"[0, 0]","[np.int64(0), np.int64(0)]",,,,
8.1,,,,,,,,,,,"[0, 0]","[np.int64(0), np.int64(0)]",,,,
8.11,,,,,,,,,,,"[0, 0]","[np.int64(0), np.int64(0)]",,,,
8.120000000000001,,,,,,,,,,,"[0, 0]","[np.int64(0), np.int64(0)]",,,,
8.13,,,,,,,,,,,"[0, 0]","[np.int64(0), np.int64(0)]",,,,
8.14,,,,,,,,,,,"[0, 0]","[np.int64(0), np.int64(0)]",,,,
8.15,,,,,,,,,,,"[0, 0]","[np.int64(0), np.int64(0)]",,,,
8.16,,,,,,,,,,,"[0, 0]","[np.int64(0), np.int64(0)]",,,,
8.17,,,,,,,,,,,"[0, 0]","[np.int64(0), np.int64(0)]",,,,
8.18,,,,,,,,,,,"[0, 0]","[np.int64(0), np.int64(0)]",,,,
8.19,,,,,,,,,,,"[0, 0]","[np.int64(0), np.int64(0)]",,,,
8.2,,,,,,,,,,,"[0, 0]","[np.int64(0), np.int64(0)]",,,,
8.21,,,,,,,,,,,"[0, 0]","[np.int64(0), np.int64(0)]",,,,
8.22,,,,,,,,,,,"[0, 0]","[np.int64(0), np.int64(0)]",,,,
8.23,,,,,,,,,,,"[0, 0]","[np.int64(0), np.int64(0)]",,,,
8.24,,,,,,,,,,,"[0, 0]","[np.int64(0), np.int64(0)]",,,,
8.25,,,,,,,,,,,"[0, 0]","[np.int64(0), np.int64(0)]",,,,
8.26,,,,,,,,,,,"[0, 0]","[np.int64(0), np.int64(0)]",,,,
8.27,,,,,,,,,,,"[0, 0]","[np.int64(0), np.int64(0)]",,,,
8.28,,,,,,,,,,,"[0, 0]","[np.int64(0), np.int64(0)]",,,,
8.290000000000001,,,,,,,,,,,"[0, 0]","[np.int64(0), np.int64(0)]",,,,
8.3,,,,,,,,,,,"[0, 0]","[np.int64(0), np.int64(0)]",,,,
8.31,,,,,,,,,,,"[0, 0]","[np.int64(0), np.int64(0)]",,,,
8.32,,,,,,,,,,,"[0, 0]","[np.int64(0), np.int64(0)]",,,,
8.33,,,,,,,,,,,"[0, 0]","[np.int64(0), np.int64(0)]",,,,
8.34,,,,,,,,,,,"[0, 0]","[np.int64(0), np.int64(0)]",,,,
8.35,,,,,,,,,,,"[0, 0]","[np.int64(0), np.int64(0)]",,,,
8.36,,,,,,,,,,,"[0, 0]","[np.int64(0), np.int64(0)]",,,,
8.370000000000001,,,,,,,,,,,"[0, 0]","[np.int64(0), np.int64(0)]",,,,
8.38,,,,,,,,,,,"[0, 0]","[np.int64(0), np.int64(0)]",,,,
8.39,,,,,,,,,,,"[0, 0]","[np.int64(0), np.int64(0)]",,,,
8.4,,,,,,,,,,,"[0, 0]","[np.int64(0), np.int64(0)]",,,,
8.41,,,,,,,,,,,"[0, 0]","[np.int64(0), np.int64(0)]",,,,
8.42,,,,,,,,,,,"[0, 0]","[np.int64(0), np.int64(0)]",,,,
8.43,,,,,,,,,,,"[0, 0]","[np.int64(0), np.int64(0)]",,,,
8.44,,,,,,,,,,,"[0, 0]","[np.int64(0), np.int64(0)]",,,,
8.45,,,,,,,,,,,"[0, 0]","[np.int64(0), np.int64(0)]",,,,
8.46,,,,,,,,,,,"[0, 0]","[np.int64(0), np.int64(0)]",,,,
8.47,,,,,,,,,,,"[0, 0]","[np.int64(0), np.int64(0)]",,,,
8.48,,,,,,,,,,,"[0, 0]","[np.int64(0), np.int64(0)]",,,,
8.49,,,,,,,,,,,"[0, 0]","[np.int64(0), np.int64(0)]",,,,
8.5,,,,,,,,,,,"[0, 0]","[np.int64(0), np.int64(0)]",,,,
8.51,,,,,,,,,,,"[0, 0]","[np.int64(0), np.int64(0)]",,,,
8.52,,,,,,,,,,,"[0, 0]","[np.int64(0), np.int64(0)]",,,,
8.53,,,,,,,,,,,"[0, 0]","[np.int64(0), np.int64(0)]",,,,
8.540000000000001,,,,,,,,,,,"[0, 0]","[np.int64(0), np.int64(0)]",,,,
8.55,,,,,,,,,,,"[0, 0]","[np.int64(0), np.int64(0)]",,,,
8.56,,,,,,,,,,,"[0, 0]","[np.int64(0), np.int64(0)]",,,,
8.57,,,,,,,,,,,"[0, 0]","[np.int64(0), np.int64(0)]",,,,
8.58,,,,,,,,,,,"[0, 0]","[np.int64(0), np.int64(0)]",,,,
8.59,,,,,,,,,,,"[0, 0]","[np.int64(0), np.int64(0)]",,,,
8.6,,,,,,,,,,,"[0, 0]","[np.int64(0), np.int64(0)]",,,,
8.61,,,,,,,,,,,"[0, 0]","[np.int64(0), np.int64(0)]",,,,
8.620000000000001,,,,,,,,,,,"[0, 0]","[np.int64(0), np.int64(0)]",,,,
8.63,,,,,,,,,,,"[0, 0]","[np.int64(0), np.int64(0)]",,,,
8.64,,,,,,,,,,,"[0, 0]","[np.int64(0), np.int64(0)]",,,,
8.65,,,,,,,,,,,"[0, 0]","[np.int64(0), np.int64(0)]",,,,
8.66,,,,,,,,,,,"[0, 0]","[np.int64(0), np.int64(0)]",,,,
8.67,,,,,,,,,,,"[0, 0]","[np.int64(0), np.int64(0)]",,,,
8.68,,,,,,,,,,,"[0, 0]","[np.int64(0), np.int64(0)]",,,,
8.69,,,,,,,,,,,"[0, 0]","[np.int64(0), np.int64(0)]",,,,
8.700000000000001,,,,,,,,,,,"[0, 0]","[np.int64(0), np.int64(0)]",,,,
8.71,,,,,,,,,,,"[0, 0]","[np.int64(0), np.int64(0)]",,,,
8.72,,,,,,,,,,,"[0, 0]","[np.int64(0), np.int64(0)]",,,,
8.73,,,,,,,,,,,"[0, 0]","[np.int64(0), np.int64(0)]",,,,
8.74,,,,,,,,,,,"[0, 0]","[np.int64(0), np.int64(0)]",,,,
8.75,,,,,,,,,,,"[0, 0]","[np.int64(0), np.int64(0)]",,,,
8.76,,,,,,,,,,,"[0, 0]","[np.int64(0), np.int64(0)]",,,,
8.77,,,,,,,,,,,"[0, 0]","[np.int64(0), np.int64(0)]",,,,
8.78,,,,,,,,,,,"[0, 0]","[np.int64(0), np.int64(0)]",,,,
8.790000000000001,,,,,,,,,,,"[0, 0]","[np.int64(0), np.int64(0)]",,,,
8.8,,,,,,,,,,,"[0, 0]","[np.int64(0), np.int64(0)]",,,,
8.81,,,,,,,,,,,"[0, 0]","[np.int64(0), np.int64(0)]",,,,
8.82,,,,,,,,,,,"[0, 0]","[np.int64(0), np.int64(0)]",,,,
8.83,,,,,,,,,,,"[0, 0]","[np.int64(0), np.int64(0)]",,,,
8.84,,,,,,,,,,,"[0, 0]","[np.int64(0), np.int64(0)]",,,,
8.85,,,,,,,,,,,"[0, 0]","[np.int64(0), np.int64(0)]",,,,
8.86,,,,,,,,,,,"[0, 0]","[np.int64(0), np.int64(0)]",,,,
8.870000000000001,,,,,,,,,,,"[0, 0]","[np.int64(0), np.int64(0)]",,,,
8.88,,,,,,,,,,,"[0, 0]","[np.int64(0), np.int64(0)]",,,,
8.89,,,,,,,,,,,"[0, 0]","[np.int64(0), np.int64(0)]",,,,
8.9,,,,,,,,,,,"[0, 0]","[np.int64(0), np.int64(0)]",,,,
8.91,,,,,,,,,,,"[0, 0]","[np.int64(0), np.int64(0)]",,,,
8.92,,,,,,,,,,,"[0, 0]","[np.int64(0), np.int64(0)]",,,,
8.93,,,,,,,,,,,"[0, 0]","[np.int64(0), np.int64(0)]",,,,
8.94,,,,,,,,,,,"[0, 0]","[np.int64(0), np.int64(0)]",,,,
8.950000000000001,,,,,,,,,,,"[0, 0]","[np.int64(0), np.int64(0)]",,,,
8.96,,,,,,,,,,,"[0, 0]","[np.int64(0), np.int64(0)]",,,,
8.97,,,,,,,,,,,"[0, 0]","[np.int64(0), np.int64(0)]",,,,
8.98,,,,,,,,,,,"[0, 0]","[np.int64(0), np.int64(0)]",,,,
8.99,,,,,,,,,,,"[0, 0]","[np.int64(0), np.int64(0)]",,,,
9.0,,,,,,,,,,,"[0, 0]","[np.int64(0), np.int64(0)]",,,,
9.01,,,,,,,,,,,"[0, 0]","[np.int64(0), np.int64(0)]",,,,
9.02,,,,,,,,,,,"[0, 0]","[np.int64(0), np.int64(0)]",,,,
9.03,,,,,,,,,,,"[0, 0]","[np.int64(0), np.int64(0)]",,,,
9.040000000000001,,,,,,,,,,,"[0, 0]","[np.int64(0), np.int64(0)]",,,,
9.05,,,,,,,,,,,"[0, 0]","[np.int64(0), np.int64(0)]",,,,
9.06,,,,,,,,,,,"[0, 0]","[np.int64(0), np.int64(0)]",,,,
9.07,,,,,,,,,,,"[0, 0]","[np.int64(0), np.int64(0)]",,,,
9.08,,,,,,,,,,,"[0, 0]","[np.int64(0), np.int64(0)]",,,,
9.09,,,,,,,,,,,"[0, 0]","[np.int64(0), np.int64(0)]",,,,
9.1,,,,,,,,,,,"[0, 0]","[np.int64(0), np.int64(0)]",,,,
9.11,,,,,,,,,,,"[0, 0]","[np.int64(0), np.int64(0)]",,,,
9.120000000000001,,,,,,,,,,,"[0, 0]","[np.int64(0), np.int64(0)]",,,,
9.13,,,,,,,,,,,"[0, 0]","[np.int64(0), np.int64(0)]",,,,
9.14,,,,,,,,,,,"[0, 0]","[np.int64(0), np.int64(0)]",,,,
9.15,,,,,,,,,,,"[0, 0]","[np.int64(0), np.int64(0)]",,,,
9.16,,,,,,,,,,,"[0, 0]","[np.int64(0), np.int64(0)]",,,,
9.17,,,,,,,,,,,"[0, 0]","[np.int64(0), np.int64(0)]",,,,
9.18,,,,,,,,,,,"[0, 0]","[np.int64(0), np.int64(0)]",,,,
9.19,,,,,,,,,,,"[0, 0]","[np.int64(0), np.int64(0)]",,,,
9.200000000000001,,,,,,,,,,,"[0, 0]","[np.int64(0), np.int64(0)]",,,,
9.21,,,,,,,,,,,"[0, 0]","[np.int64(0), np.int64(0)]",,,,
9.22,,,,,,,,,,,"[0, 0]","[np.int64(0), np.int64(0)]",,,,
9.23,,,,,,,,,,,"[0, 0]","[np.int64(0), np.int64(0)]",,,,
9.24,,,,,,,,,,,"[0, 0]","[np.int64(0), np.int64(0)]",,,,
9.25,,,,,,,,,,,"[0, 0]","[np.int64(0), np.int64(0)]",,,,
9.26,,,,,,,,,,,"[0, 0]","[np.int64(0), np.int64(0)]",,,,
9.27,,,,,,,,,,,"[0, 0]","[np.int64(0), np.int64(0)]",,,,
9.28,,,,,,,,,,,"[0, 0]","[np.int64(0), np.int64(0)]",,,,
9.290000000000001,,,,,,,,,,,"[0, 0]","[np.int64(0), np.int64(0)]",,,,
9.3,,,,,,,,,,,"[0, 0]","[np.int64(0), np.int64(0)]",,,,
9.31,,,,,,,,,,,"[0, 0]","[np.int64(0), np.int64(0)]",,,,
9.32,,,,,,,,,,,"[0, 0]","[np.int64(0), np.int64(0)]",,,,
9.33,,,,,,,,,,,"[0, 0]","[np.int64(0), np.int64(0)]",,,,
9.34,,,,,,,,,,,"[0, 0]","[np.int64(0), np.int64(0)]",,,,
9.35,,,,,,,,,,,"[0, 0]","[np.int64(0), np.int64(0)]",,,,
9.36,,,,,,,,,,,"[0, 0]","[np.int64(0), np.int64(0)]",,,,
9.370000000000001,,,,,,,,,,,"[0, 0]","[np.int64(0), np.int64(0)]",,,,
9.38,,,,,,,,,,,"[0, 0]","[np.int64(0), np.int64(0)]",,,,
9.39,,,,,,,,,,,"[0, 0]","[np.int64(0), np.int64(0)]",,,,
9.4,,,,,,,,,,,"[0, 0]","[np.int64(0), np.int64(0)]",,,,
9.41,,,,,,,,,,,"[0, 0]","[np.int64(0), np.int64(0)]",,,,
9.42,,,,,,,,,,,"[0, 0]","[np.int64(0), np.int64(0)]",,,,
9.43,,,,,,,,,,,"[0, 0]","[np.int64(0), np.int64(0)]",,,,
9.44,,,,,,,,,,,"[0, 0]","[np.int64(0), np.int64(0)]",,,,
9.450000000000001,,,,,,,,,,,"[0, 0]","[np.int64(0), np.int64(0)]",,,,
9.46,,,,,,,,,,,"[0, 0]","[np.int64(0), np.int64(0)]",,,,
9.47,,,,,,,,,,,"[0, 0]","[np.int64(0), np.int64(0)]",,,,
9.48,,,,,,,,,,,"[0, 0]","[np.int64(0), np.int64(0)]",,,,
9.49,,,,,,,,,,,"[0, 0]","[np.int64(0), np.int64(0)]",,,,
9.5,,,,,,,,,,,"[0, 0]","[np.int64(0), np.int64(0)]",,,,
9.51,,,,,,,,,,,"[0, 0]","[np.int64(0), np.int64(0)]",,,,
9.52,,,,,,,,,,,"[0, 0]","[np.int64(0), np.int64(0)]",,,,
9.53,,,,,,,,,,,"[0, 0]","[np.int64(0), np.int64(0)]",,,,
9.540000000000001,,,,,,,,,,,"[0, 0]","[np.int64(0), np.int64(0)]",,,,
9.55,,,,,,,,,,,"[0, 0]","[np.int64(0), np.int64(0)]",,,,
9.56,,,,,,,,,,,"[0, 0]","[np.int64(0), np.int64(0)]",,,,
9.57,,,,,,,,,,,"[0, 0]","[np.int64(0), np.int64(0)]",,,,
9.58,,,,,,,,,,,"[0, 0]","[np.int64(0), np.int64(0)]",,,,
9.59,,,,,,,,,,,"[0, 0]","[np.int64(0), np.int64(0)]",,,,
9.6,,,,,,,,,,,"[0, 0]","[np.int64(0), np.int64(0)]",,,,
9.61,,,,,,,,,,,"[0, 0]","[np.int64(0), np.int64(0)]",,,,
9.620000000000001,,,,,,,,,,,"[0, 0]","[np.int64(0), np.int64(0)]",,,,
9.63,,,,,,,,,,,"[0, 0]","[np.int64(0), np.int64(0)]",,,,
9.64,,,,,,,,,,,"[0, 0]","[np.int64(0), np.int64(0)]",,,,
9.65,,,,,,,,,,,"[0, 0]","[np.int64(0), np.int64(0)]",,,,
9.66,,,,,,,,,,,"[0, 0]","[np.int64(0), np.int64(0)]",,,,
9.67,,,,,,,,,,,"[0, 0]","[np.int64(0), np.int64(0)]",,,,
9.68,,,,,,,,,,,"[0, 0]","[np.int64(0), np.int64(0)]",,,,
9.69,,,,,,,,,,,"[0, 0]","[np.int64(0), np.int64(0)]",,,,
9.700000000000001,,,,,,,,,,,"[0, 0]","[np.int64(0), np.int64(0)]",,,,
9.71,,,,,,,,,,,"[0, 0]","[np.int64(0), np.int64(0)]",,,,
9.72,,,,,,,,,,,"[0, 0]","[np.int64(0), np.int64(0)]",,,,
9.73,,,,,,,,,,,"[0, 0]","[np.int64(0), np.int64(0)]",,,,
9.74,,,,,,,,,,,"[0, 0]","[np.int64(0), np.int64(0)]",,,,
9.75,,,,,,,,,,,"[0, 0]","[np.int64(0), np.int64(0)]",,,,
9.76,,,,,,,,,,,"[0, 0]","[np.int64(0), np.int64(0)]",,,,
9.77,,,,,,,,,,,"[0, 0]","[np.int64(0), np.int64(0)]",,,,
9.78,,,,,,,,,,,"[0, 0]","[np.int64(0), np.int64(0)]",,,,
9.790000000000001,,,,,,,,,,,"[0, 0]","[np.int64(0), np.int64(0)]",,,,
9.8,,,,,,,,,,,"[0, 0]","[np.int64(0), np.int64(0)]",,,,
9.81,,,,,,,,,,,"[0, 0]","[np.int64(0), np.int64(0)]",,,,
9.82,,,,,,,,,,,"[0, 0]","[np.int64(0), np.int64(0)]",,,,
9.83,,,,,,,,,,,"[0, 0]","[np.int64(0), np.int64(0)]",,,,
9.84,,,,,,,,,,,"[0, 0]","[np.int64(0), np.int64(0)]",,,,
9.85,,,,,,,,,,,"[0, 0]","[np.int64(0), np.int64(0)]",,,,
9.86,,,,,,,,,,,"[0, 0]","[np.int64(0), np.int64(0)]",,,,
9.870000000000001,,,,,,,,,,,"[0, 0]","[np.int64(0), np.int64(0)]",,,,
9.88,,,,,,,,,,,"[0, 0]","[np.int64(0), np.int64(0)]",,,,
9.89,,,,,,,,,,,"[0, 0]","[np.int64(0), np.int64(0)]",,,,
9.9,,,,,,,,,,,"[0, 0]","[np.int64(0), np.int64(0)]",,,,
9.91,,,,,,,,,,,"[0, 0]","[np.int64(0), np.int64(0)]",,,,
9.92,,,,,,,,,,,"[0, 0]","[np.int64(0), np.int64(0)]",,,,
9.93,,,,,,,,,,,"[0, 0]","[np.int64(0), np.int64(0)]",,,,
9.94,,,,,,,,,,,"[0, 0]","[np.int64(0), np.int64(0)]",,,,
9.950000000000001,,,,,,,,,,,"[0, 0]","[np.int64(0), np.int64(0)]",,,,
9.96,,,,,,,,,,,"[0, 0]","[np.int64(0), np.int64(0)]",,,,
9.97,,,,,,,,,,,"[0, 0]","[np.int64(0), np.int64(0)]",,,,
9.98,,,,,,,,,,,"[0, 0]","[np.int64(0), np.int64(0)]",,,,
9.99,,,,,,,,,,,"[0, 0]","[np.int64(0), np.int64(0)]",,,,
